Date,9_empresas|igual,9_empresas|min_var_muestral,9_empresas|min_var_lw,9_empresas|min_cvar,9_empresas|paridad_riesgo,liquidas|igual,liquidas|min_var_muestral,liquidas|min_var_lw,liquidas|min_cvar,liquidas|paridad_riesgo,ibr
2025-01-02,1.0116739365173995,1.015598221641557,1.01367340208678,1.0144235125664274,1.0124833358216376,1.0192645701887177,1.0227060961420487,1.021145589772344,1.0228567310617935,1.0201815829940926,1.0003603529899856
2025-01-03,1.0231838947371272,1.0227886969848314,1.022442136125976,1.0275431542000348,1.0227009821345159,1.0228483110932918,1.0240627821521247,1.023751739096697,1.0243742713328663,1.0233098369192208,1.000720433307534
2025-01-07,1.039029616573643,1.0369701552146053,1.0370703729146944,1.042037449923593,1.0378160839028565,1.0519925369544154,1.0514649416132378,1.052235016431244,1.0516124005902945,1.0521640552506788,1.0010810056406532
2025-01-08,1.0459916816008323,1.0420562616382825,1.0430868066290817,1.050491578933369,1.044425995091141,1.054100252239541,1.0522037317320583,1.053735367576666,1.0523856733755972,1.0539890146054003,1.0014419495826181
2025-01-09,1.0430962345521615,1.0392124889397207,1.0401486982392236,1.0481335893729233,1.0414845486792839,1.045852096728632,1.0446700979442844,1.045709400934279,1.0448884149507713,1.0458313043125735,1.0018030236644304
2025-01-10,1.0464246761857299,1.0437004229262745,1.0440644630954292,1.0527442824484154,1.0450473020759325,1.049545408753391,1.049525916915811,1.0500100902050957,1.049804764624657,1.0498176000132893,1.0021643488651957
2025-01-13,1.0427878980793384,1.0410795022783723,1.0408280002925345,1.0505611096135676,1.0415391789646176,1.0512649641429623,1.0510756640465921,1.0516573781556828,1.0516151538732186,1.0514997084954174,1.0025259253626946
2025-01-14,1.0426040569714927,1.039686752877027,1.0398076705900645,1.049156589792336,1.040952199314834,1.0470208713219036,1.0469365857473605,1.047439926437962,1.0474609761990443,1.047265675501102,1.0028874709561382
2025-01-15,1.0347079287758687,1.033985072661652,1.0332288142224024,1.039099517815456,1.0336090628568118,1.0426932084251699,1.0436759721756201,1.043623675326534,1.0440892617830324,1.043182324836209,1.003249187289817
2025-01-16,1.0443161577714075,1.0430537882964817,1.0425787843129077,1.0447033202558618,1.0431190898753613,1.05251383701941,1.0550846253432806,1.0541659936937882,1.0550411762143574,1.0533479376301995,1.0036110340854967
2025-01-17,1.0462909124763877,1.0413517262875291,1.0419599693572676,1.0463305568910792,1.0437382188099864,1.0458854457168243,1.0469768565440964,1.0467884621240924,1.0470843576991502,1.0463570853910433,1.0039730113902314
2025-01-20,1.038367580077437,1.0312872693053405,1.0325905065425014,1.0386380669442594,1.0350287752353713,1.047534461084985,1.0477138048996066,1.047968757309588,1.0477326147936958,1.0477815413888822,1.0043353616393706
2025-01-21,1.038367580077437,1.0312872693053405,1.0325905065425014,1.0386380669442594,1.0350287752353713,1.047534461084985,1.0477138048996066,1.047968757309588,1.0477326147936958,1.0477815413888822,1.00469784266663
2025-01-22,1.0375732733100202,1.0269424972173786,1.029795579522068,1.0370946975001756,1.0334008498874905,1.0410562842480238,1.0389227386728028,1.0402648313351641,1.0389356155425082,1.0407082996606711,1.0050604949464235
2025-01-23,1.0408652846260489,1.0312038759342643,1.0336542312149837,1.0388134511198257,1.0369261930705593,1.043956677338667,1.0435709087272829,1.0439465894453333,1.0433678104260262,1.0439760226103867,1.0054233590115516
2025-01-24,1.041611513371143,1.0300270344138016,1.0332110231159164,1.0377552357887618,1.037153200283652,1.0413287332152228,1.040675718643078,1.0411535476132614,1.0403838478769953,1.0412668422053057,1.0057863945404562
2025-01-27,1.043498511313756,1.0331121197266733,1.0358040914252258,1.037743148337731,1.039342929759072,1.048621853999506,1.048885541044846,1.0489611771228051,1.0484406466130916,1.0488153747114617,1.0061498444503725
2025-01-28,1.051803611761365,1.0414824660066422,1.0443764402638038,1.0438929743718062,1.0478144990024731,1.067010532764602,1.0669465597787342,1.0672342834574151,1.06613219804947,1.067160234631279,1.0065135876387497
2025-01-29,1.0583776015874335,1.0503371332883147,1.0523152761487933,1.0495483971799533,1.0549771500229872,1.083072211053072,1.0846283293628576,1.0841600092987336,1.0835955397583301,1.0836456127055547,1.0068776243286648
2025-01-30,1.0762706819729715,1.0722600024835538,1.071770992933885,1.0713410313707026,1.0732292252698137,1.1083786084589315,1.113237282800092,1.1113500916972452,1.1126597896146628,1.109873545648845,1.0072420357732907
2025-01-31,1.0733548225391487,1.0667721976039537,1.0674626679087331,1.0653216578839195,1.06974414094214,1.1011138498228452,1.1046397011839346,1.103215963735693,1.1035442675271343,1.1021748774561622,1.0076067817545438
2025-02-03,1.0637023614101324,1.0609322811134276,1.060806533855444,1.0602856928650346,1.0617279840957887,1.0978748364783162,1.1015488863345897,1.1000376216868375,1.1025298038178226,1.0989646780277957,1.0079717409074367
2025-02-04,1.063725946532008,1.0611479613580057,1.0609316355215026,1.0596721881992632,1.0617437764449422,1.103175325178886,1.1070238683262255,1.105400567338877,1.10837412293514,1.1042950892215615,1.0083361021886768
2025-02-05,1.03188849130451,1.0405333850734935,1.0378910816962523,1.0241897999586702,1.0339732123749583,1.094423321209752,1.0984723078068104,1.0966851177439634,1.0972469220245484,1.0955590242362105,1.008700311163797
2025-02-06,1.0446296379676512,1.0492291699569742,1.046848738693063,1.0348018316577987,1.0443648732341233,1.0947416499953535,1.0987234240407056,1.0969913393063333,1.0986316474239979,1.0958719236976429,1.0090656663973578
2025-02-07,1.0477945299216902,1.0505514433086267,1.048944278253664,1.0382356565934117,1.047150819686503,1.0928937476210936,1.0964324174918982,1.0950094836259932,1.0975450603015027,1.0939612125192217,1.009430423110411
2025-02-10,1.0488854465270825,1.051125877815616,1.049797264867982,1.0379035579590958,1.0481562143943517,1.0951591026001426,1.0988990795442874,1.0973350759696041,1.0993442493889003,1.096254994472457,1.009795108587347
2025-02-11,1.0453546725977818,1.0492111447049688,1.0470732009930148,1.0367703220292495,1.044868693651001,1.0926886754431662,1.0965406610364712,1.09490956546341,1.0983208392823929,1.0938057332103854,1.010160332140548
2025-02-12,1.0419899458741313,1.0453614619745601,1.0433412649654141,1.0336934365028811,1.0413703202902866,1.0847440971884608,1.0881859718482227,1.0868304654861736,1.090352843515924,1.0857973904274338,1.0105262568464992
2025-02-13,1.0581261010076353,1.0579741396526299,1.0560527822991463,1.0468524447932546,1.0552335964086839,1.0987419700895484,1.1024998833655364,1.1009533964545017,1.1063368139207144,1.0998555789838882,1.010890809621952
2025-02-14,1.073882109670343,1.0687720527345717,1.0677354682446547,1.055722721952855,1.0685844747923539,1.1073512573509463,1.1119939957721972,1.1098287566308962,1.112882188466685,1.108590010691906,1.0112550871477481
2025-02-17,1.1472595730534765,1.118839157271366,1.1233301318605904,1.127837697054333,1.1335289905298431,1.144592127443239,1.1486071905629192,1.1469130800350729,1.1511429881947273,1.1457603864863186,1.0116194145599244
2025-02-18,1.1418741307762355,1.1160302317216664,1.121202878059052,1.1207274375582028,1.1303529568699082,1.1603046382809148,1.1636189216228399,1.162402158293997,1.1646768714322846,1.1613687635671008,1.0119838325235366
2025-02-19,1.1418741307762355,1.1160302317216664,1.121202878059052,1.1207274375582028,1.1303529568699082,1.1603046382809148,1.1636189216228399,1.162402158293997,1.1646768714322846,1.1613687635671008,1.0123480559992368
2025-02-20,1.1580084722788813,1.129418500553192,1.135911096002206,1.138066531149955,1.1461424098582393,1.1807665653950263,1.1830832895300405,1.182573589148601,1.1854171126202067,1.1816957452322516,1.0127128586481222
2025-02-21,1.1410317399263958,1.115449256066155,1.121638295696541,1.1229893498777248,1.1308167528390598,1.1619685858523352,1.163789559714151,1.1635989573979328,1.165782801393862,1.1628132221516947,1.013077955753602
2025-02-24,1.1482832906151907,1.1219222954366308,1.1278035842909497,1.1285565223944476,1.1371944939858332,1.1653137644267375,1.168724692079605,1.1674326704232665,1.1676582334654118,1.1663874446006912,1.0134432252460879
2025-02-25,1.1476382435415753,1.1217734826325036,1.1277605878599877,1.1296355870536605,1.1370027406755365,1.1610153094008695,1.1641935326417205,1.16305949548321,1.1635214406864913,1.1620536143354723,1.0138088303335602
2025-02-26,1.1238436777985066,1.0743039496549247,1.0870134122471469,1.108601960275384,1.104579372112277,1.1508362134857673,1.1528039006278978,1.1524971957090089,1.1538343223153922,1.1516941293156744,1.0141744041397507
2025-02-27,1.135644084115054,1.0930658682153378,1.1036962207341972,1.1188140740721375,1.1189213556252964,1.1363795794365108,1.1386636546137041,1.1381269662812994,1.13931032573196,1.1372769271500665,1.0145403954295322
2025-02-28,1.1194463293727992,1.0774994301893124,1.0873543888920687,1.10187046603907,1.1023698609416483,1.1242332577388212,1.1262593229441225,1.1257173347845195,1.1285103161752266,1.1250172665781486,1.0149058248014784
2025-03-03,1.1273305088137748,1.0826909016069075,1.093174170558897,1.1025111879224472,1.1093983460481966,1.110000408169991,1.1160338811241726,1.1145038830565561,1.1133707693523407,1.1121635989348466,1.0152716308259147
2025-03-04,1.1162111410943294,1.0733185791010262,1.0830922117688933,1.09208082043708,1.09888679717133,1.1017486673390924,1.109045380079474,1.1073445471689614,1.1058516046085303,1.1044443157735833,1.0156376095517623
2025-03-05,1.1120305535816655,1.0747448771851507,1.0822173773887984,1.092086543607592,1.0963480201124844,1.1113462047985594,1.1174850440715591,1.1160461229927292,1.1154567370437791,1.1136302002958445,1.0160034749988995
2025-03-06,1.1135785918102419,1.0797294327932159,1.0856726092497073,1.1039802167507997,1.098650247663139,1.1236795176486234,1.1280503858598823,1.126990532103036,1.1277436646792465,1.125317452982365,1.0163695131247028
2025-03-07,1.1231068983450256,1.0910293096316048,1.0950525247240135,1.1145963861469994,1.1078299352010372,1.1480355590583071,1.1522229037096008,1.1511612250701146,1.151455475754221,1.1495913632204087,1.0167356422271296
2025-03-10,1.1205377203409557,1.0872017748869962,1.092474625629486,1.11196979863997,1.10530960808808,1.1382831842481578,1.1431876439003372,1.1419631199515001,1.1415473781381198,1.140096430151154,1.017101862309492
2025-03-11,1.111053480170955,1.073417427245917,1.080409238487901,1.0998597453665897,1.0945881812903746,1.120165480940839,1.125621430470065,1.1242674113785511,1.1235233051508535,1.122165141982022,1.01746800966982
2025-03-12,1.1225361962485065,1.0864597410962253,1.092250050355305,1.1124956547043863,1.1061908510900873,1.139633087947034,1.1445223620191225,1.1433515827364502,1.143383880237282,1.1414733145274698,1.0178344116629994
2025-03-13,1.122390685048887,1.0852773903984299,1.0915906914058842,1.1128998273304458,1.1058007482932062,1.1382535877736966,1.142650187181309,1.141644968180285,1.1424012650866142,1.1399553424003768,1.0182011913365523
2025-03-14,1.126779143952803,1.0922805343330837,1.0970508713460876,1.1201049883201701,1.1106093179205794,1.1533162247281303,1.1576126932049347,1.1564806476717813,1.1569432739697763,1.1548663239255483,1.01856789832748
2025-03-17,1.1399669351171005,1.0998554633867597,1.1062047889302924,1.1355718602608733,1.1216422471667962,1.1624129063602788,1.1662130056997824,1.16515715064521,1.166993176177454,1.1637312163337519,1.0189347783739
2025-03-18,1.1343394757385115,1.0964278725539216,1.1013418429108,1.1297913938167525,1.116427164968681,1.156059163405872,1.1617744025877608,1.1601085437019205,1.1598694971895123,1.1579231106281207,1.0193019545678874
2025-03-19,1.1298571397735553,1.0986603845443308,1.1023674410923907,1.1321242497172495,1.1146987970953375,1.1631387451581459,1.1670946594175209,1.1659562169371962,1.1673933419424753,1.1644792507017243,1.0196692220600647
2025-03-20,1.1111913249076097,1.0876895920518916,1.0884401396399017,1.1163680516825516,1.0985105256899892,1.1525056527487716,1.1577724498854225,1.1562587395532957,1.1562181158981513,1.1542561414663524,1.020036621883403
2025-03-21,1.1111913249076097,1.0876895920518916,1.0884401396399017,1.1163680516825516,1.0985105256899892,1.1525056527487716,1.1577724498854225,1.1562587395532957,1.1562181158981513,1.1542561414663524,1.0204041540855824
2025-03-24,1.1111913249076097,1.0876895920518916,1.0884401396399017,1.1163680516825516,1.0985105256899892,1.1525056527487716,1.1577724498854225,1.1562587395532957,1.1562181158981513,1.1542561414663524,1.0207718187143011
2025-03-25,1.1261235781345447,1.09704904393981,1.0978299078842602,1.125565910443343,1.1104388236091502,1.1637259660921069,1.1721162788864259,1.1696199634681383,1.1660552895778178,1.1663852271423911,1.0211396568912678
2025-03-26,1.1289086867741969,1.0959088348635457,1.098280960274971,1.1281803516003144,1.112017359351108,1.1657740276546222,1.1726524658673547,1.1705344570311527,1.1684030020758727,1.1679182623031585,1.0215075865310264
2025-03-27,1.129036546752762,1.090388993808364,1.0941042180644105,1.1324457756153614,1.1098295120864918,1.1691449666235612,1.1735886111181915,1.1721700506716641,1.1728989962945375,1.1705232770601146,1.0218756076369266
2025-03-28,1.1260011517833466,1.0907582178331268,1.0924310818171026,1.128581429364815,1.1074685899307726,1.167796599696399,1.175353871296672,1.1730771933797657,1.1709068302765642,1.1701668269845609,1.0222437202123085
2025-03-31,1.134827769343037,1.0938865909274373,1.0980593228013815,1.1359834186904016,1.1146626274885534,1.1754669572274767,1.180253509317134,1.1786544938274008,1.1786627112726125,1.1768564435869662,1.022612829191437
2025-04-01,1.1548975980194576,1.1090549680813295,1.1153486809005055,1.1491685721363563,1.1336014570618826,1.1844460077953447,1.1895792372942964,1.187875269756178,1.1877642953415637,1.1858724240277947,1.0229811661897457
2025-04-02,1.161873356691309,1.1218571464885092,1.1255218284507849,1.1587171355873402,1.1421375382492245,1.1965709225659318,1.2048172003405475,1.2031081791225686,1.2030174511964091,1.2002430994116113,1.0233496358601082
2025-04-03,1.1622996067163596,1.1205137583495475,1.1247706452212762,1.1591107622884804,1.1419873653354506,1.1919430607523094,1.2054578824984574,1.2029988992527765,1.201940487539379,1.1971983579306007,1.0237181970725937
2025-04-04,1.1431377214844984,1.1063769174506164,1.107852215734636,1.1437781988106206,1.1239719198418672,1.171044128892753,1.1872760358692938,1.1845912487587156,1.183209193386141,1.1779699142811344,1.0240869734081608
2025-04-07,1.1441946001949048,1.1075816373336282,1.109178385383421,1.1476784554297634,1.125256856253392,1.174505072428243,1.1898746035207075,1.1870736011202414,1.1855459834929438,1.1804828668222296,1.0244558413814782
2025-04-08,1.1296685874336676,1.0964300490269296,1.0954940241670348,1.1321067678325538,1.1112225534579674,1.1431456694176114,1.1653403770552986,1.1621730229307798,1.1601290384322054,1.1534670492443004,1.0248248422181023
2025-04-09,1.1470795308949426,1.109131286024821,1.109951954667229,1.1487734620602632,1.1270629429796712,1.171210923916785,1.1881854420687274,1.1853879559203515,1.183861912572817,1.1786242745772473,1.0251939347288117
2025-04-10,1.1195571026557707,1.078434659894828,1.0794947268449284,1.1127970312586897,1.098185283914546,1.112278839096262,1.132470314642053,1.1297311247432047,1.128182491138971,1.122656375369408,1.0255631601688528
2025-04-11,1.1290784035722385,1.0855676166163923,1.088959063199871,1.1211507114381845,1.1076088930644399,1.1366365408563348,1.1526966086513808,1.1502199795097685,1.1490460648734881,1.1442424900663684,1.0259325185861006
2025-04-14,1.1354305840432721,1.094162175463852,1.0956078135374572,1.132967945298069,1.114106481001006,1.1530888635037047,1.1677626492774016,1.1653596451281982,1.1643073129028938,1.1600740909935285,1.026302092591745
2025-04-15,1.1342267019041434,1.0925653506231805,1.0947594899975115,1.1314513669542534,1.1131192796719205,1.1523710211745761,1.1667408165273012,1.164298439872721,1.163193450313706,1.1588983886096191,1.026671758433354
2025-04-16,1.138267876920835,1.0988201982960522,1.0993224748128636,1.137059885403427,1.1173915725495782,1.1581445799396235,1.1749561075774875,1.1723863449915581,1.1711312320575942,1.1662216164780135,1.0270415574256557
2025-04-17,1.138267876920835,1.0988201982960522,1.0993224748128636,1.137059885403427,1.1173915725495782,1.1581445799396235,1.1749561075774875,1.1723863449915581,1.1711312320575942,1.1662216164780135,1.0274114896166098
2025-04-18,1.138267876920835,1.0988201982960522,1.0993224748128636,1.137059885403427,1.1173915725495782,1.1581445799396235,1.1749561075774875,1.1723863449915581,1.1711312320575942,1.1662216164780135,1.0277815550541933
2025-04-21,1.1329885745549755,1.0900763390788009,1.0910542699639647,1.1305260258089926,1.110541078770093,1.1564556295604966,1.1711511730113213,1.1687177977684502,1.1676321858503442,1.163427450011431,1.0281520846348258
2025-04-22,1.1394689698288027,1.0932657711953104,1.096633528653551,1.1333898748230593,1.1165979433979025,1.1582227900151565,1.1722188966991145,1.1698038403206377,1.168743769037338,1.1644764817321067,1.0285225409417216
2025-04-23,1.1416431923494397,1.0983281680463408,1.1023449211677367,1.1383677822321523,1.1205658506019298,1.169948291446131,1.18416721339499,1.1815451714639928,1.1802387084673198,1.175356884993945,1.0288930893428805
2025-04-24,1.1441096906231205,1.0935085221179919,1.1001709054624156,1.1357610892375367,1.1206637751879465,1.165352440101288,1.1784728201222978,1.1758177361027309,1.1744585832399212,1.1698018103959495,1.0292637712424433
2025-04-25,1.1461153195383647,1.0955645213963663,1.1023101423984862,1.1373085948758965,1.1227183106316625,1.1664136411825694,1.1805935907701355,1.1778415979692407,1.176360983675266,1.1713277766127235,1.0296345452728124
2025-04-28,1.139087996835011,1.0923047316926402,1.0975587463121594,1.1337310708351542,1.1168400505174045,1.1627132130480382,1.1800815545909251,1.176947851911623,1.1749732407151274,1.1688617212595638,1.030005452867954
2025-04-29,1.1455202750007316,1.1008532274519462,1.104811907646777,1.1409362118247657,1.1236335632871552,1.168308283738941,1.1898881656030187,1.186442619336232,1.1840823963869331,1.1766605001243344,1.0303765355215202
2025-04-30,1.150828387940653,1.110732366600229,1.1108984725858033,1.149605290331946,1.129246097724178,1.1752660845891938,1.200839153762181,1.1972033229822927,1.1946164902291159,1.186556917532951,1.0307477104054976
2025-05-01,1.150828387940653,1.110732366600229,1.1108984725858033,1.149605290331946,1.129246097724178,1.1752660845891938,1.200839153762181,1.1972033229822927,1.1946164902291159,1.186556917532951,1.031119018998648
2025-05-02,1.1512603328816833,1.110856262750295,1.1118723565601933,1.1502055612598505,1.1299770601828103,1.1745566966855796,1.198577088293408,1.194948131920506,1.1923661466235564,1.1849064263294304,1.0314809600736836
2025-05-05,1.146851962943862,1.111078363227017,1.1095316333634413,1.1497651233029764,1.1265968512127973,1.167424176645508,1.1954009330099735,1.1917815234694271,1.1892064499520816,1.1802026984669858,1.0318431527108336
2025-05-06,1.1508283879406531,1.1107323666002291,1.1108984725858033,1.149605290331946,1.1292460977241785,1.175266084589194,1.200839153762181,1.1972033229822925,1.1946164902291159,1.1865569175329511,1.032205472527749
2025-05-07,1.1687036912339324,1.1264358317240997,1.1260665462362933,1.1706231990912326,1.1456805025588672,1.1836667081737273,1.216012222357437,1.2123302219827938,1.2097109330564357,1.1976330959337298,1.0325677949672547
2025-05-08,1.1843645544034935,1.1427597531744764,1.1430827626827875,1.188509519838053,1.1619921791834436,1.2115068350150766,1.2459704845600523,1.242197634107396,1.239513953663923,1.2249208374976344,1.0329301199428016
2025-05-09,1.195832184319803,1.1461138579684842,1.1463516324082588,1.1940661231499865,1.169268392983651,1.2120848890430624,1.2466792431149676,1.2429043429730537,1.2402190394821528,1.2268819039053567,1.033292447367809
2025-05-12,1.2011851266592266,1.1534255780547875,1.1541582780658972,1.1972988186888098,1.1760173623797296,1.2188277445951563,1.2507699033501158,1.2469826860958668,1.244288502205385,1.2323332609162683,1.033655151354774
2025-05-13,1.2228274863595996,1.173722455164195,1.1742834035089675,1.2205886578235672,1.1968201795296636,1.255767603453049,1.2863163415991974,1.282421472582819,1.2796507413264402,1.2676410699822895,1.0340180242495518
2025-05-14,1.223131323587626,1.177755701718891,1.1725334512656478,1.2245207677652759,1.19595781219591,1.2674216245596335,1.3006054681489008,1.2966673554000256,1.2938658226333468,1.2820090285599037,1.0343811077475127
2025-05-15,1.2164719994037183,1.1663548861867759,1.1639332844261205,1.2125057471832128,1.1883552912676925,1.2477728780046469,1.2792984726135161,1.275424945350281,1.2726692384413147,1.2618975179479797,1.0347442354950789
2025-05-16,1.2105664607153945,1.1605152196585367,1.1587365671794236,1.2054244818309896,1.182827306799455,1.247532455837523,1.2776114113166848,1.2737429934344906,1.2709909193767608,1.2605529703460843,1.0351074490854417
2025-05-19,1.2104250965893881,1.1609728420170693,1.1589151416754644,1.2042477137180954,1.1828301169619047,1.2510357914109362,1.282603029009629,1.2787194770489945,1.2759566708599872,1.2647801375108811,1.035470873471649
2025-05-20,1.205866133492927,1.1551725018264136,1.15354900843842,1.198734628735926,1.1778654522716032,1.2441515908007676,1.2762506485522576,1.2723862917732627,1.2696372079887024,1.2579970468282482,1.0358344671208501
2025-05-21,1.2225934522411317,1.1670463831639508,1.1662371449560034,1.2079809227000624,1.1926854406647507,1.246240693551392,1.2809005364208632,1.2770221029005182,1.2742630004673616,1.2620079119370042,1.036198188441766
2025-05-22,1.2193603129524453,1.1647964269752231,1.1643821958365879,1.2051029944456715,1.1901677349413675,1.246289663994905,1.2802644411484554,1.2763879222265657,1.2736302013956504,1.2613565309664203,1.0365619540900195
2025-05-23,1.2248765878879608,1.1749329108395221,1.1708762683135632,1.2148642126845524,1.196121486245049,1.253231270830263,1.2887756234795629,1.2848733830205108,1.2820972793821008,1.2702455291229695,1.0369259308595902
2025-05-26,1.2244194455378838,1.1752447373161827,1.1711989722457217,1.2169176300804576,1.1960665487568594,1.2418508086974605,1.2776064646081922,1.2737380507185294,1.2709859983017617,1.25930071418003,1.0372902023309563
2025-05-27,1.2265499732801388,1.1783943896387092,1.1745408233161756,1.2190431833666955,1.1988152172745437,1.2480056836176383,1.2823684721371378,1.2784856910327882,1.2757233294446138,1.2647763408269714,1.0376547269863192
2025-05-28,1.221512929515159,1.1682313968442735,1.1679467042931118,1.209440831157044,1.1930485343109998,1.2362655928278252,1.2679738145793389,1.264134636831726,1.261403263983829,1.2511510604958547,1.0380195050026337
2025-05-29,1.2143421758267605,1.166378475009038,1.1622847971548127,1.2059949544927386,1.1866819605195011,1.2379064045352766,1.2678972168415445,1.2640583493008546,1.2613270631700924,1.2528680304892645,1.0383844530212152
2025-05-30,1.2089795337191673,1.1533832694512582,1.1540720618191511,1.1929058069001983,1.1798386594604107,1.2209577366978843,1.2547912029123285,1.2509918927215975,1.2482889636777812,1.2368120954617505,1.038749445783454
2025-06-02,1.2089795337191673,1.1533832694512582,1.1540720618191511,1.1929058069001983,1.1798386594604107,1.2209577366978843,1.2547912029123285,1.2509918927215975,1.2482889636777812,1.2368120954617505,1.0391145668408692
2025-06-03,1.2089795337191673,1.1533832694512582,1.1540720618191511,1.1929058069001983,1.1798386594604107,1.2209577366978843,1.2547912029123285,1.2509918927215975,1.2482889636777812,1.2368120954617505,1.0394796908026842
2025-06-04,1.2108585610553895,1.155573448326652,1.1565274169603066,1.1935316165266325,1.1820232133813542,1.2153699598246595,1.2493139108501354,1.245531185037348,1.2428400545555254,1.231359831733438,1.0398448594084206
2025-06-05,1.2054146654632856,1.1508093006918685,1.1508420237445767,1.1901791501021821,1.1763977793713842,1.2158421119690332,1.247775420359008,1.2439973528531862,1.2413095364132716,1.2314758694103576,1.0402099889323133
2025-06-06,1.2118388289726052,1.155866652694541,1.1567039123121436,1.195082728852977,1.1825410486288404,1.2308757738901956,1.2571257066490367,1.2533193279485675,1.2506113701812964,1.244209907211227,1.0405753722353213
2025-06-09,1.208351412453513,1.1505441720001857,1.152433320277417,1.1915584540636062,1.1786701155180066,1.2276413777970747,1.252429954417976,1.2486377937158981,1.2459399510060634,1.2400027723292235,1.0409409257533022
2025-06-10,1.2090268423220765,1.1556341695082861,1.1541726846930647,1.1976337852170134,1.179851775666543,1.235590103874204,1.255870422217171,1.2520678443203122,1.249362590544543,1.2472068466832678,1.0413066076900197
2025-06-11,1.214714428792552,1.1598802312442156,1.1595744938581993,1.2005483678211182,1.1853993327472034,1.247602813097185,1.26573665720074,1.2619042058978274,1.2591776993964825,1.2580276463150755,1.0416723761904283
2025-06-12,1.2139543147682863,1.1575160881017514,1.1585437736330615,1.198029565138968,1.1845213973981727,1.242864591531687,1.2606001570598804,1.2567832582706324,1.254067816235935,1.2527655424762292,1.0420382731703786
2025-06-13,1.2127146004092397,1.1519936843080525,1.1557665130793058,1.1920528815103377,1.1825506562597414,1.2426724408254937,1.2518800930598197,1.2480895972513564,1.245392938990561,1.2490081239345545,1.0424042148158028
2025-06-16,1.2083956192108023,1.150542043777581,1.152220936195631,1.188840833978545,1.1786101647486473,1.2311960098962913,1.243382149206298,1.2396173838337892,1.236939030880842,1.239864942530511,1.042770284972138
2025-06-17,1.2042206699734934,1.148430806988225,1.1503944732327223,1.1873054826686846,1.1756817304243998,1.2303693930628674,1.2395350238790113,1.2357819069962488,1.2331118410848094,1.2376483044764022,1.043136525643568
2025-06-18,1.2111129523605997,1.151272572116519,1.1538536748100012,1.1922936836548543,1.1807848017934068,1.2346000607810348,1.2440455818597198,1.2402788077175964,1.2375990256731928,1.2420723643695104,1.0435028529718675
2025-06-19,1.2130946211199254,1.1505131371955548,1.1550871046833389,1.191472756351987,1.1824106400771979,1.2364379908045189,1.2427775736010565,1.2390146387882874,1.2363375881436118,1.2421592317774026,1.0438693089465216
2025-06-20,1.21448213791548,1.1540191908058413,1.1579338540011315,1.1936420586555716,1.184541313288383,1.2412135710322465,1.2479601464135335,1.2441815195863042,1.2414933052304518,1.2472035001917534,1.0442359776192605
2025-06-24,1.2169622170378565,1.1678957688635223,1.1624676884555851,1.209047369187857,1.1879075653020248,1.2433601861600796,1.261918274949141,1.2580973851064667,1.255379103731553,1.2563715875087944,1.044602775087735
2025-06-25,1.2144825908803856,1.1617967157184974,1.1594713437371975,1.2025631826252123,1.1852109939602644,1.2344522430665585,1.2537602278186926,1.2499640392582134,1.2472633310241366,1.246520095093863,1.0449698695283498
2025-06-26,1.2182313841255925,1.1648324482412933,1.1634974935121076,1.2078023389215191,1.1891105927902994,1.2336117571683518,1.2555513941762688,1.2517497822460848,1.2490452156843763,1.246181037462448,1.0453371770684674
2025-06-27,1.2117320778324083,1.158987408665104,1.1577029410833182,1.2007752921823966,1.1829800461674564,1.2192855563120986,1.246366661696855,1.2425928596904472,1.2399080778388327,1.2337522553354754,1.0457043192810118
2025-06-30,1.2116763670529798,1.1586702717500197,1.1576062638619637,1.2001853750375295,1.1829131305565193,1.2192192375205608,1.2463009683240618,1.2425273652268432,1.2398427248844495,1.23368099005258,1.046071590440854
2025-07-01,1.214153724768024,1.1635922804100085,1.160752807399963,1.2044316294292865,1.185753399251509,1.2173777681052347,1.24746602401461,1.2436888933122028,1.2410017433388392,1.2340174201094651,1.0464389485013912
2025-07-02,1.2177064300186184,1.1610636215411434,1.16159955653245,1.2004604587164838,1.1879391878625338,1.2236445946175982,1.2469358897143143,1.2431603641750966,1.2404743561569795,1.236851449888467,1.0468064355702544
2025-07-03,1.210962567987885,1.1582714909772192,1.1559210955014878,1.1967748965484528,1.181725871239973,1.2167981040279505,1.2433310732403016,1.239566462517775,1.2368882195868873,1.2322606877901703,1.0471740516927486
2025-07-04,1.2077184146561646,1.1545023992923233,1.152438999294247,1.1938479683912564,1.1783171993551622,1.2198125701385545,1.2449744408217343,1.2412048542409255,1.2385230713537845,1.2342461503599909,1.0475417547779422
2025-07-07,1.201469104841025,1.1488515727644202,1.146303726760492,1.1874106108670008,1.1721353535775485,1.2071889490009786,1.2342830792790989,1.2305458644576455,1.2278871116902281,1.2226946763224287,1.0479096291288792
2025-07-08,1.201738658271904,1.1462736666058495,1.1458955774932342,1.1838684293838677,1.1720801181096898,1.211175031649366,1.2330096013323402,1.2292762424015955,1.2266202328160885,1.224086105602238,1.0482776326694523
2025-07-09,1.1971549726924118,1.1434879333967705,1.1413929448094753,1.1831873872981022,1.1675158893103381,1.2045042894638525,1.2303051480937266,1.2265799778215618,1.223929793862812,1.2196832645176632,1.0486458076256884
2025-07-10,1.1968318230943231,1.1464376301565424,1.144071591355718,1.1878680653649252,1.1687401584704067,1.2056958509797608,1.2310820021707582,1.227354479706767,1.2247026223369806,1.2205591506005429,1.0490140696964685
2025-07-11,1.2038471374569713,1.1498593036865334,1.1478897427481516,1.1910912611365467,1.1740874678289754,1.2123533581829804,1.2378789042980147,1.2341308018845805,1.231464303398308,1.2275412589736603,1.0493824610930436
2025-07-14,1.201899831627169,1.1515759901975733,1.1476037908851109,1.1926737377033967,1.1729822361150435,1.2076642363119943,1.235550873360281,1.2318098198579686,1.2291483361521807,1.224376268894586,1.0497510663110594
2025-07-15,1.2072850184966433,1.159804466925311,1.1529025103067152,1.2066258949922128,1.178256422079641,1.2174856823024214,1.2475983974854132,1.2438208659769787,1.2411334308596824,1.2363018004219843,1.0501198010050403
2025-07-16,1.2074534628696094,1.1627761600962758,1.1536481510640844,1.209318279367288,1.1786821410660584,1.223306614980108,1.2547386726479048,1.250939521510542,1.2482367056214705,1.243453093269334,1.0504886229656818
2025-07-17,1.2126542090905914,1.1719389431625755,1.1602469192330016,1.220079513003397,1.1845635572953281,1.2299988510176312,1.2636325168891458,1.2598064365917905,1.2570844625911104,1.2516786973100262,1.050857616733205
2025-07-18,1.2096167898652315,1.1696942266823867,1.1574237425499607,1.2184325642840212,1.181584800385375,1.2272612252138584,1.2623287368061944,1.258506604149645,1.2557874386043038,1.24902893681575,1.0512267401131747
2025-07-21,1.2021451709149438,1.1501908354769508,1.144800673722842,1.1990643750161014,1.171546226165054,1.2123900816283981,1.2413478543258654,1.2375892484779458,1.2349152775725492,1.2300205578580345,1.0515959931511185
2025-07-22,1.2028044503669406,1.1536805922248263,1.1461238136136889,1.2015704608440168,1.1725145951049833,1.2173327199235546,1.2494651072669134,1.2456819236551808,1.2429904674831682,1.2369196592434162,1.05196537589258
2025-07-23,1.2029319144701103,1.15253603994919,1.1455749447020398,1.202192296515314,1.1722932262118113,1.2176749974628627,1.2471458412333971,1.2433696799940368,1.2406832197221451,1.2362713670264367,1.0523350153702613
2025-07-24,1.2015101846051104,1.156828722844452,1.1455080225083978,1.206952450155566,1.171525084849949,1.2175861840209996,1.2531999232616222,1.2494054312151188,1.246705929925638,1.2397727893553818,1.0527048694196666
2025-07-25,1.1980469647546315,1.1503052927975372,1.1409418948864527,1.2000165860377991,1.1675179158357722,1.2077003301683973,1.2397038317069866,1.235950203700699,1.2332797741625634,1.2284972304985353,1.0530748958169165
2025-07-28,1.2105065523062781,1.1662598333177543,1.1548370161868768,1.2163091168847693,1.1806803059204574,1.2230100366262522,1.25437487337878,1.2505768237683221,1.2478747915344186,1.2440606013220714,1.0534448827838936
2025-07-29,1.2176776297808194,1.1650862030261775,1.15859173596163,1.2179829238666586,1.1861351543974203,1.2278794247914873,1.2589783706581432,1.2551663823827617,1.2524544338165866,1.2467541382610894,1.053815042130543
2025-07-30,1.2080390898540543,1.1602138051810194,1.1512598505797589,1.2118315554361576,1.1776777221650372,1.213635691256028,1.245614909816282,1.2418433839962015,1.2391602214833168,1.233978244553375,1.0541852043333193
2025-07-31,1.209766573088245,1.1625392251353526,1.1532087170655754,1.2157510446301387,1.1795099123284152,1.219124203312498,1.2551079006691586,1.2513076315674834,1.2486040203292414,1.2407864347485598,1.0545554541405977
2025-08-01,1.2060184212476028,1.1624875788645637,1.1503722033017307,1.2192917894162862,1.1762032314693918,1.214985212803348,1.255000639496743,1.251085343478389,1.2484973149766325,1.2393815390151182,1.0549257915533543
2025-08-04,1.2060184212476028,1.1624875788645637,1.1503722033017307,1.2192917894162862,1.1762032314693918,1.214985212803348,1.255000639496743,1.251085343478389,1.2484973149766325,1.2393815390151182,1.0552963014688892
2025-08-05,1.2102331767534458,1.1663931161081926,1.15621558681871,1.2190123322477686,1.1812963530691456,1.224392440079673,1.2644770258249654,1.2603587904331406,1.2579245953413751,1.2470786359874608,1.0556669839775992
2025-08-06,1.2157092358157409,1.1662758192734888,1.158526850093391,1.2209665516549917,1.1851345497733705,1.2303131502392348,1.2696461018720746,1.2654520742736264,1.2630668856021305,1.2520203590851635,1.0560377117359583
2025-08-07,1.2157092358157409,1.1662758192734888,1.158526850093391,1.2209665516549917,1.1851345497733705,1.2303131502392348,1.2696461018720746,1.2654520742736264,1.2630668856021305,1.2520203590851635,1.0564085696860093
2025-08-08,1.2282285915347924,1.181751832680806,1.1704252179945884,1.2429310363466985,1.1972587147933855,1.2486572370085418,1.2937390614483515,1.2893177764665196,1.2870349971665074,1.2739681489782662,1.0567796003813044
2025-08-11,1.2318512137128559,1.1913886236989912,1.1773977726686908,1.250944734347606,1.202599433226136,1.2576234445341978,1.3069615697394679,1.30231950086883,1.3001889873551775,1.2847570706878149,1.057150718866845
2025-08-12,1.2361877068846607,1.1921755717668643,1.179232835398704,1.2518551285782236,1.205633250599947,1.2600824056467954,1.3099994175762746,1.3053354719258663,1.3032110932794274,1.2873534034150003,1.0575219251435988
2025-08-13,1.240300882578608,1.1904423504554482,1.179568759436568,1.250702252259274,1.2077053564238927,1.2764928939278641,1.325982284079887,1.3212003760371205,1.3191111376996372,1.3024037660773127,1.0578932617651535
2025-08-14,1.2436375167793996,1.1911191874243472,1.1825407150204832,1.2491501386852797,1.2108780464553437,1.279450044622948,1.3274901217843937,1.3227005598429884,1.3206111618958416,1.3037606358246365,1.058264686209707
2025-08-15,1.262445518047687,1.2092373355432104,1.2002592237397187,1.2692343391344325,1.2290717516948302,1.293058788087895,1.3400116588731832,1.3352667561739309,1.3330678132653604,1.3174210085758031,1.0586362410607228
2025-08-19,1.2681624734241517,1.2117718992146085,1.2041521724755624,1.2704691474421257,1.2338424110340762,1.2935016237885164,1.3398435855717188,1.3352143802921148,1.3329006109078527,1.3176311648956762,1.0590080115589224
2025-08-20,1.2739843094980632,1.2157545531552982,1.2087779648821255,1.277532057642052,1.2390273883675045,1.2880752569648262,1.33313974766529,1.3286639638431021,1.3262315118151453,1.3122651627711837,1.0593798700025743
2025-08-21,1.2783601141246654,1.2174299914504967,1.212042213512644,1.2747673640955335,1.2428353322813193,1.29206518311867,1.3380689791498286,1.3335719310634113,1.3311352003708838,1.31657211219349,1.0597519869022003
2025-08-22,1.290232967582566,1.2224516871968383,1.2192406849927142,1.2804638648585431,1.2522723743768673,1.300988282113439,1.3426562978483783,1.3383262708193193,1.3356987479084994,1.323536502208359,1.0601242345113018
2025-08-25,1.2917561825978563,1.2117892980190226,1.2140541640042382,1.2742983977076943,1.250353003588938,1.2874600275642478,1.3259432320713378,1.3216701489013358,1.3190722880558332,1.3075633123972403,1.0604965275611058
2025-08-26,1.3010882887796538,1.2213673949874957,1.221843806306856,1.2855953221941316,1.2588381117880323,1.2983632187123793,1.3408435661315437,1.3364788253829047,1.333895409639167,1.3209979643837688,1.0608689513522989
2025-08-27,1.2984922006481945,1.221541331919075,1.2206725506515992,1.285688097283203,1.2569740472799817,1.296332916785906,1.3369049700143032,1.3327001237284686,1.3299772230483429,1.3188139470842113,1.0612414632434863
2025-08-28,1.3096019815415976,1.2199109806725428,1.2238461208012827,1.2867902166526572,1.2639704691218505,1.3039249583765824,1.341993357924839,1.3377288926761182,1.3350392432927398,1.3243143884521424,1.0616142340448194
2025-08-29,1.318977397916314,1.2216906463093098,1.2273558487275942,1.2915462313096948,1.270289849489648,1.3029044574044741,1.3392553252809505,1.3351010491745638,1.332364562415499,1.3229214142497068,1.0619870076334246
2025-09-01,1.3133859598090543,1.2201180295246499,1.224399864021699,1.286730458552771,1.2660799463634165,1.3030461655880237,1.3401589119756907,1.3360232260728946,1.3332434119011285,1.3237527985570055,1.062359912117174
2025-09-02,1.3133859598090543,1.2201180295246499,1.224399864021699,1.286730458552771,1.2660799463634165,1.3030461655880237,1.3401589119756907,1.3360232260728946,1.3332434119011285,1.3237527985570055,1.0627329475420302
2025-09-03,1.3063140035630272,1.2122225801809818,1.2143493685744235,1.2850472039811194,1.2574267593021795,1.2751708136084514,1.316739998649497,1.3122819410070612,1.3103159130538615,1.2979538384455607,1.0631061139539715
2025-09-04,1.3236454413006362,1.2230628624545856,1.2260724126543725,1.3032660745191214,1.2717769571635174,1.283099778785226,1.3249728382537123,1.3203513212544755,1.3186359011270292,1.3055213821369078,1.0634794113989925
2025-09-05,1.3288655236649378,1.2251321190965148,1.2301712795525903,1.3039292517903205,1.2764294411930484,1.2823990028144834,1.326047888295608,1.3212255924423397,1.3198908195370038,1.3054425571031323,1.063852797130757
2025-09-08,1.3372570673652917,1.2297425550434948,1.2361920589201156,1.3124607761851137,1.283570493531069,1.2924940932861635,1.3368403565572806,1.3317277415359745,1.3308689321389031,1.315100081682277,1.0642263567649597
2025-09-09,1.3314722972360382,1.2263130148083257,1.2304216361756366,1.3074199246260054,1.2777607110876605,1.2862965009475347,1.3281871381100796,1.3235342575119293,1.321853750761556,1.3086723157277147,1.0646001332151254
2025-09-10,1.3391296653881108,1.2330603501313355,1.2382079369221255,1.3174771698975491,1.285494013818278,1.2954464240804864,1.335941664601136,1.3312766846974335,1.3295571530725139,1.3167108312503593,1.0649739552677708
2025-09-11,1.3362702591583169,1.2356818509594716,1.2367031358924498,1.3242964885829354,1.2832924006514443,1.2899676860698477,1.3340046911255377,1.3291981709842435,1.3277686936591402,1.3137974210464387,1.0653479085837168
2025-09-12,1.3466859774474058,1.2395152527008912,1.244709618135494,1.3300528194366894,1.2925038582390045,1.2797207150219558,1.3240559423951954,1.3191280147941884,1.3180141126444536,1.3029947399883874,1.0657219932090545
2025-09-15,1.3402219599003378,1.2268931798886555,1.2370709434178344,1.3111526007918581,1.2855206058433233,1.2694442292239085,1.3086894207221929,1.3039614267745065,1.3025836758834546,1.288620200689097,1.0660962520724773
2025-09-16,1.3356673413370257,1.222416508038493,1.2331017403299382,1.3040149870108149,1.2812841081617807,1.2672904217174659,1.3054161933023354,1.3007958796330514,1.2992357122717837,1.2860328191342767,1.0664706852652859
2025-09-17,1.326631011109623,1.2162579173304289,1.2255062212292311,1.292940140029584,1.2730098147789413,1.2522397374520473,1.2886906893792545,1.2845693710171728,1.282176425395918,1.2712916824984122,1.0668452928788343
2025-09-18,1.3173654169870792,1.2152240320092966,1.2207421168345631,1.2931385069830659,1.2660828538066646,1.2475669484895642,1.2890482825183913,1.2846546046769873,1.282786882218496,1.2699842879545935,1.0672200320767444
2025-09-19,1.305125317569056,1.193921382125137,1.2038768549917152,1.2786199207828872,1.2514585194645753,1.2252879354803836,1.2654352294291384,1.2607080159176964,1.2596772908861589,1.2458432912429402,1.067594902905236
2025-09-22,1.323307878946842,1.2181162752208274,1.2240137792984584,1.3030948215122475,1.270584144295624,1.2581532647442606,1.304336776306238,1.2992558345133807,1.2985975222569806,1.2824329949206235,1.0679699054105458
2025-09-23,1.3407600968853037,1.229709562968866,1.2395084970017967,1.3158263928687894,1.2870254657317683,1.283955038389939,1.325747175641897,1.3208259566458054,1.3196854186868252,1.305434066449315,1.068344996665889
2025-09-24,1.3497395179585054,1.2350984198260448,1.246295193166735,1.3211864295093985,1.294844329739696,1.297296773980212,1.3354323316786691,1.3308141716926243,1.329007960485138,1.3170103023983435,1.068720219660384
2025-09-25,1.3530592073069618,1.2330587431808204,1.2455233908226064,1.3206947751141944,1.2960088943509187,1.2950033668871634,1.3333098047938974,1.3286958385261727,1.3268985988722506,1.3148415942183485,1.0690955744403006
2025-09-26,1.3677947123575513,1.236979802796369,1.2533939788324595,1.3285272909863273,1.3071505175217917,1.2906792274936243,1.3300277511719467,1.3253454402909657,1.3237071672888538,1.3111047589381524,1.0694711040702565
2025-09-29,1.3638178698807697,1.2354163258143747,1.2502213847155468,1.3271223256801876,1.303596246125999,1.277207063947657,1.3196100626802114,1.3147720597766408,1.3135196183483908,1.2992574783662596,1.0698468086418842
2025-09-30,1.3144088405475118,1.2212413796289845,1.2254246790322763,1.2871089073396416,1.2671086831388298,1.3044329431571076,1.3418202700641393,1.3376920834333919,1.3349476208664806,1.3253133526419139,1.0702226021497463
2025-10-01,1.370795549003879,1.2258671621421513,1.2414609887963954,1.2991026498645253,1.3014630082652636,1.2734502097720124,1.3178121838253078,1.3125391065780772,1.3110625012859325,1.295311382236099,1.0705984415311631
2025-10-02,1.3670964848578002,1.2275077347873622,1.2417982286959037,1.3002064219484708,1.2998942166285505,1.2716299182882418,1.3191244309990497,1.313499063476708,1.3123680272804772,1.2946714745353465,1.070974412899365
2025-10-03,1.373263993600749,1.2298283203315,1.2439722946538878,1.3030582863694469,1.3039018051344,1.273879746474705,1.319766083089219,1.3144522513525396,1.3130063929023907,1.2969050860661395,1.0713506455825026
2025-10-06,1.4008627573295227,1.2414518483474057,1.2606554275801218,1.3211814950211722,1.325518592054582,1.2835354156782033,1.3295494616090926,1.3241414716248943,1.3227396620819636,1.3064854526049383,1.0717269242178165
2025-10-07,1.410232332438101,1.2489212650528065,1.2692059392960902,1.3318167692950764,1.33431413513677,1.2828247913347208,1.3329433161966626,1.327188302893864,1.3261161337364176,1.307869055545183,1.072103421257739
2025-10-08,1.422475343943982,1.25222001999549,1.2731253458558855,1.3371668892376787,1.342053271161319,1.2847342253588148,1.3353003102833145,1.329523524921682,1.328461055570265,1.3102049700506604,1.0724800074214877
2025-10-09,1.4194452788158598,1.2573346891319734,1.2778699083253287,1.3436948078181887,1.3432032123250552,1.2944012714824245,1.3479450957941177,1.3418651649620263,1.3410410759430433,1.3210306883527638,1.072856769019098
2025-10-10,1.4347949963835387,1.2636329473279821,1.2872462113903738,1.3535600522534845,1.3552159841087768,1.2917690342850259,1.3482550819724262,1.341869509234218,1.3413494744077754,1.3195908727088987,1.0732337061425135
2025-10-14,1.441957151014767,1.266975065040545,1.291088927757869,1.3579044928201676,1.3606092298487864,1.2955698698137394,1.3536586517571267,1.3471083854973755,1.3467253677291122,1.3239315186390188,1.073610689329199
2025-10-15,1.4563174256619067,1.274290083977801,1.300577185844516,1.3681959643492132,1.372310876422755,1.3033087658766498,1.3610759768282759,1.354496920067103,1.3541047021137764,1.3314104876145596,1.0739878049346878
2025-10-16,1.4954180898137945,1.2982480472643678,1.330336750551521,1.3990459325439335,1.4062156327623818,1.3221750890939041,1.3864999773678306,1.3788176251483442,1.3793984838447413,1.3511590244508629,1.0743650530054931
2025-10-17,1.5255851397310953,1.317766017185453,1.3550973751960476,1.4265526767636747,1.4332944489307586,1.3379272053597357,1.4038087741499687,1.3958203297689402,1.396618626959193,1.3673665979868155,1.0747423903577789
2025-10-20,1.5431646677935609,1.3208344118762265,1.3658874687819589,1.4368997730594089,1.4470259623857424,1.3315666930357282,1.4002284403695158,1.391885384934555,1.3930566312368486,1.3618063743781488,1.0751199034836378
2025-10-21,1.547637366141938,1.3258304609421834,1.37179219900368,1.4447650189281596,1.4521891368320003,1.3333562912262769,1.4059967140455998,1.3971860058122196,1.3987953604781553,1.3651242792261413,1.0754974626929672
2025-10-22,1.5045700276086653,1.3101000549281796,1.3436478628401785,1.4187409082716633,1.4175539293918422,1.3445571974976975,1.4148401606916192,1.4060948080097366,1.4075935120068985,1.3748999014149754,1.0758751544930487
2025-10-23,1.4774806189413396,1.2926651260052016,1.321417604804407,1.3985199412949583,1.3934903408197892,1.3602099681178816,1.4263315990194543,1.4178000727968691,1.4190260925084168,1.3881651607697658,1.0762529356393165
2025-10-24,1.4932132328887713,1.3080943033331416,1.338060447932243,1.419980508824784,1.4095842611905813,1.3761949900368464,1.4467752565527299,1.4376261563460704,1.439365039977552,1.4058366874798038,1.0766309360517348
2025-10-27,1.5001984284264633,1.318937421980352,1.3540165915899536,1.4325863893332702,1.421284011037303,1.3873227435048825,1.45908760804501,1.4495578053628713,1.4516143290206407,1.415885242539981,1.0770089825819762
2025-10-28,1.5048918852791493,1.327380157217851,1.361014487823631,1.4397882305766385,1.4272028194747994,1.40138243254742,1.4728836009603095,1.463252996936301,1.4653396604459064,1.4292572613123558,1.0773872485323983
2025-10-29,1.5358438451488088,1.3427857234778575,1.3814525758752663,1.459229980431282,1.4523164740198533,1.4065260839504092,1.4785210530387038,1.4692825662972937,1.4709482381427106,1.4357290366158024,1.0777656906889588
2025-10-30,1.5560070086136848,1.349372412711983,1.3928549757991184,1.467719810741591,1.4675668984865138,1.3937045987834762,1.4641179691365571,1.4555570519669927,1.4566189251808546,1.4238302534498364,1.0781442224095983
2025-10-31,1.5394752516537167,1.341944137005354,1.3796667360476638,1.4515294758592432,1.4527247035733633,1.3725811886443247,1.4409603310400643,1.432907113426345,1.4335798978450083,1.402820802958584,1.0785229304601787
2025-11-04,1.5304939705890876,1.3364876792487916,1.375734284277149,1.4471807201666809,1.4470126340493705,1.3793109702339479,1.4462002730231318,1.4381341703150614,1.4387930014475048,1.4083987407059315,1.0789018149331082
2025-11-05,1.5269189580579718,1.3331811467509258,1.3718109293655627,1.4409863343397888,1.4436388299446234,1.380892682279217,1.443335715999215,1.4353801427569663,1.4359431163554193,1.408149705006414,1.0792807890950138
2025-11-06,1.538818514478777,1.3417122603656666,1.3793901477132295,1.4484211061470724,1.452916057944079,1.3825701384582394,1.4454489442710525,1.4374873874696277,1.4380455209149379,1.4100517341877197,1.0796598095187402
2025-11-07,1.5353665558773564,1.331619269331898,1.371973132199234,1.440160321296258,1.4476450344241993,1.392601852831067,1.452420015805842,1.4444350889620008,1.4449808874225645,1.4179750760403165,1.0800391368200344
2025-11-10,1.5491142896218026,1.3406172128155327,1.3824657985319595,1.4542302332034278,1.4592880252706701,1.404642218390344,1.468397773766742,1.4602276802365763,1.4608768091436342,1.4314289199670018,1.080418553935369
2025-11-11,1.557816384135897,1.3505610631912384,1.3913552271144016,1.4628316074355796,1.468015853162587,1.4080245395289994,1.4678015907786162,1.4597439160110939,1.4602836797362495,1.4334493240349335,1.0807981912876108
2025-11-12,1.5602512784691727,1.345447173701687,1.3872535765800063,1.459781573821842,1.4666301007878184,1.4070865578719922,1.4682389950361796,1.4601036688630464,1.46071884365948,1.4327641410232586,1.0811779620367834
2025-11-13,1.5735121112043957,1.3546052630167744,1.396694241300472,1.469611911296391,1.4777405377717356,1.4210247912903602,1.4874171799283442,1.4790790705829164,1.4797988000929216,1.4485832531581884,1.0815579097342667
2025-11-14,1.5815216600571926,1.3615826785338603,1.4066835202236854,1.483116377085045,1.4873050351504649,1.4457294815517632,1.505587242218781,1.4971753101252911,1.4978757974127304,1.4688140468005864,1.0819379909530182
2025-11-18,1.5835275380943652,1.3580094390486765,1.4033521031702298,1.4769476048379417,1.486239316998339,1.439049652452523,1.4923149484480849,1.4841095858603244,1.4846714828052419,1.458995980761194,1.0823182928101387
2025-11-19,1.5783755445468273,1.35847778231177,1.401038413363268,1.4714949597868014,1.482423977011022,1.4252676086874592,1.4806192813026995,1.4725481809048862,1.4730357195227033,1.4477410819456897,1.0826987283435916
2025-11-20,1.5670130057868124,1.356014347428717,1.395300720593559,1.4637644644796066,1.473824581127814,1.4017363122466673,1.4582607421391467,1.4503578160653494,1.4507916982269091,1.426127080344465,1.0830792540346643
2025-11-21,1.5554356385371777,1.3420170507329956,1.3811868265795442,1.447559079007055,1.4606392199937148,1.3788526511803196,1.4359085539419763,1.4280482227388356,1.4285539953685775,1.4022431250416945,1.0834597827224033
2025-11-24,1.5342951849011852,1.3205606174340419,1.3589678495812965,1.4238460066820307,1.4388988439180446,1.3518759239507463,1.409209524789734,1.4014454858300325,1.4019917155749306,1.375371202711743,1.083840314315996
2025-11-25,1.5443330640510256,1.3291667781390868,1.3674641744427587,1.4312435749520453,1.4479935055572284,1.361351691123186,1.416289752424157,1.4086564108348547,1.4090356790971945,1.3853981247046852,1.0842208923362278
2025-11-26,1.5468686198459225,1.334139259276659,1.3708214773490146,1.4326100756843774,1.45087248796845,1.359919540630337,1.4144855557191331,1.4069759177053394,1.407240723280324,1.3853110673030529,1.0846014294842665
2025-11-27,1.547894606177369,1.3345915494293707,1.3718156385466829,1.4332825740442887,1.451973936513982,1.3645918821148861,1.4171335727076602,1.4096575822246449,1.4098751774301923,1.3891402190227957,1.0849815328430235
2025-11-28,1.546813151646396,1.3364070066005567,1.37268962023827,1.4422470761543467,1.4516358801464182,1.384323815182025,1.4395859034765808,1.4319875365345873,1.4322060033854696,1.410692048499293,1.0853594992192317
2025-12-01,1.554871322593174,1.3392455056238903,1.3750369611419655,1.4462227651840585,1.456314497966582,1.3823685255439813,1.4348691269712937,1.4275319437981195,1.4274930636782324,1.4073411573254357,1.0857355883199236
2025-12-02,1.556129854455749,1.3397938284586646,1.3764931672555287,1.4492843766545647,1.4577513426731517,1.3891114915019602,1.4440105398451728,1.4361756260416043,1.4366263122151752,1.4142319679104818,1.086109186470814
2025-12-03,1.556129854455749,1.3397938284586646,1.3764931672555287,1.4492843766545647,1.4577513426731517,1.3891114915019602,1.4440105398451728,1.4361756260416043,1.4366263122151752,1.4142319679104818,1.0864869338383536
2025-12-04,1.5585323500839556,1.3446990260371527,1.3811896884269814,1.456249740844025,1.4616201951876395,1.3983328260254637,1.4532053328195675,1.4451446814798647,1.4457892255817906,1.42289894093653,1.086866648745798
2025-12-05,1.5536422684282003,1.3454956900457307,1.3803803710843308,1.452410480461651,1.4591283169083862,1.393198770569865,1.4468404779291255,1.4392982071992755,1.4394152616598401,1.4185923581577025,1.0872458403586387
2025-12-09,1.5660769246198694,1.3519770648743021,1.3882469920519407,1.4610902424561685,1.468942641094882,1.404303111290475,1.4561132542200619,1.4486381541292321,1.4486305050726527,1.4283790364659081,1.0876270892061335
2025-12-10,1.5670414357274611,1.3579932109319242,1.392524586071433,1.4641309138951004,1.471598821683516,1.3998933801571094,1.456701444037479,1.4488212738667912,1.4492502869898138,1.4261106420062326,1.0880087343246636
2025-12-11,1.566335249123023,1.3577205494037998,1.3909400869285853,1.4608852289055132,1.4699760070568262,1.385849038677174,1.4437795718034432,1.4360796250165342,1.43638501312203,1.4137157244949043,1.0883905133613336
2025-12-12,1.5664973641978925,1.3591216419718661,1.392513876204835,1.4627498105901726,1.4709404132914998,1.388715699543608,1.4473605908771365,1.439684519015058,1.4399439916132328,1.417487332254049,1.0887726453367355
2025-12-15,1.5628892893476316,1.3549747300399193,1.3878814855362662,1.4586880227022516,1.4666424792403019,1.3803795529657674,1.4400096058672505,1.4322426430155604,1.4326418565042256,1.409483474963487,1.0891549552880924
2025-12-16,1.549278870924027,1.341443677390347,1.373957182906201,1.445586281687357,1.4526445772325136,1.3611613558729136,1.4228932150222213,1.414921225458841,1.4156386411997244,1.3912981506314979,1.0895373994831774
2025-12-17,1.552988489143631,1.3472052010041249,1.378295301874999,1.4472423341930525,1.4565740026246263,1.3566307551257883,1.41498737595112,1.4075785708781638,1.4077284356586746,1.386013513280778,1.0899199779691284
2025-12-18,1.5439190096530082,1.3369396838137635,1.3681399421647478,1.43639318571444,1.4468427156526327,1.344927436119215,1.404962196581277,1.3974331573450087,1.3977695567285249,1.374916205188078,1.0903026907931004
2025-12-19,1.54930716203911,1.3485422617052973,1.3768194481963067,1.4465918845567467,1.4538019243725293,1.3400334997663208,1.401912928677659,1.3943415853775738,1.3947409484591333,1.371370918761199,1.0906854941306008
2025-12-22,1.5523656065577298,1.3461689671666137,1.3761396631384648,1.4455511292645478,1.4546254047655816,1.3416442054470326,1.4031615457634858,1.3956338577505998,1.395978838703477,1.372920927863116,1.091068519643808
2025-12-23,1.5730922569437,1.362957485344947,1.3950960143134234,1.4675420435954296,1.4747147653418897,1.3774324121125023,1.4431808332321163,1.4349042066667983,1.4358392655093166,1.4090790856828044,1.0914516796674165
2025-12-24,1.5750684280557854,1.3604154047869037,1.3938117330831934,1.468352463057911,1.4748683457762977,1.3814717487125965,1.4482202494896612,1.439902144914771,1.4408541287067014,1.4138446544947534,1.0918350620844608
2025-12-25,1.5750684280557854,1.3604154047869037,1.3938117330831934,1.468352463057911,1.4748683457762977,1.3814717487125965,1.4482202494896612,1.439902144914771,1.4408541287067014,1.4138446544947534,1.0922185791680967
2025-12-26,1.5750684280557854,1.3604154047869037,1.3938117330831934,1.468352463057911,1.4748683457762977,1.3814717487125965,1.4482202494896612,1.439902144914771,1.4408541287067014,1.4138446544947534,1.0926024946581825
2025-12-29,1.5770236376101647,1.36150431915001,1.3960501272706531,1.47039694830028,1.4773022207834052,1.3927766025327455,1.4554751213352157,1.4475709355836714,1.4480328758186696,1.4235568975492803,1.0929877321286343
2025-12-30,1.5611869147665756,1.34315462211366,1.3790045419617358,1.4490536108843013,1.4610421828253606,1.3808675588942945,1.4368612115406019,1.4299348445328857,1.4294386613621477,1.4098219969398667,1.0933723137938633
2025-12-31,1.5610957088178268,1.3429668386688025,1.3789198903490816,1.4483831827714582,1.460967508143624,1.3808115581019493,1.4367482280906758,1.4298332198514128,1.4293710763161673,1.409767544334228,1.0937570307790534
2026-01-02,1.5650406085496977,1.3496402680327833,1.3844985669193497,1.4539315649405014,1.4657758394787819,1.3825786874695825,1.432057011209587,1.4255929488744652,1.4239225118945182,1.4082814175457197,1.0941411349505057
2026-01-05,1.5897206184071508,1.3633467325797857,1.4006854308529375,1.4718365007162362,1.485776695168463,1.4089532653775314,1.4509802114090955,1.445165620852164,1.4413976273690317,1.4311629244755844,1.0945253299850448
2026-01-06,1.5986751139747848,1.3714439871327673,1.4092623889767653,1.4839239634287933,1.4944782307642972,1.4206151753223804,1.4653283671972004,1.4593285322629221,1.4558840618186546,1.4447515579323027,1.094909748008389
2026-01-07,1.595573395725272,1.3672277426149593,1.4052668869422362,1.4794808708009395,1.4907267778549567,1.4148583050475623,1.4649939098296056,1.4581242787799047,1.4571409556750263,1.4399509294366797,1.0952943891607125
2026-01-08,1.5981849122806697,1.3678463187373893,1.4066735386900988,1.4817733882719937,1.492843960330402,1.4220653324252592,1.4697120376075177,1.462999261663846,1.461507295217278,1.4457725053387172,1.0956792095097707
2026-01-09,1.610976963881415,1.3754449818579348,1.4144319223749164,1.49160720965527,1.5025733276296258,1.428535176539299,1.4754843433310765,1.468743198693948,1.4672510328696378,1.451855580451759,1.0960643414135112
2026-01-13,1.6227878398429807,1.375068653505159,1.4163797075060771,1.496347398360857,1.5089099541690283,1.4400559548726368,1.4820925087600507,1.475687485696097,1.473154090084251,1.4608110196928545,1.096449564587842
2026-01-14,1.6285102652193255,1.3780414327026194,1.4198885311684837,1.4974642338405553,1.5138315577205583,1.452614548602451,1.4896144668089666,1.4837518301188533,1.4795819530643506,1.470861304288118,1.0968350113908656
2026-01-15,1.645116808350049,1.3877829202273047,1.431597871530376,1.5128275613561677,1.5274397431035538,1.4652442380618969,1.5000316271292808,1.4945519137223044,1.4891556284097733,1.483339185095793,1.0972206819632193
2026-01-16,1.6624511959138935,1.400704327528421,1.4467312783922717,1.5296106228389443,1.5441503118543511,1.4988386698230651,1.527874954518283,1.5229501407930917,1.5155992720594396,1.5143332173717448,1.0976065322956057
2026-01-19,1.6763609755923417,1.4123504818403305,1.458773656225254,1.5430943361753893,1.5572001401391649,1.5173322047837143,1.5498029858458489,1.5445572772336567,1.537807567930518,1.5341826169000659,1.0979925183167203
2026-01-20,1.7014255623699635,1.4265808300627525,1.4743146785995909,1.5618551362569442,1.5767356248072775,1.535450275893606,1.565886097760634,1.5607677776399786,1.5534345070671567,1.5510708712658225,1.098378684255375
2026-01-21,1.720659454357108,1.4420439208272682,1.4891266135401615,1.577097460835855,1.5934604151557643,1.5499443283629777,1.5798212683908792,1.5748799895499088,1.566852814954086,1.5655275816991747,1.0987649418126495
2026-01-22,1.7022638543970567,1.4261260720444369,1.4716995483789064,1.5596257931355362,1.574930937351896,1.515802981760113,1.557171579365994,1.5510841366166732,1.5466091374249014,1.5364529522675798,1.0991513352018576
2026-01-23,1.7175894464844987,1.4378520129011527,1.4842392420660149,1.5734746812876161,1.5889958503441828,1.5376189899864516,1.5737570814235258,1.568064537055988,1.562243479936392,1.555529947349429,1.0995376433321544
2026-01-26,1.7324149027354805,1.44554056225407,1.4919370088340627,1.5811584485296082,1.6000678536669835,1.5521018889569858,1.5817781312159964,1.5768444503048804,1.5687685887357021,1.5674829449732137,1.0999242199642465
2026-01-27,1.7564982987956688,1.4607248727493658,1.5085245277301749,1.5997839499583681,1.6197393651556964,1.5734149230513872,1.606208742036359,1.6003870042694355,1.5944792688281502,1.5881639157805947,1.100310666956446
2026-01-28,1.7998468922564272,1.4865858732869304,1.5369951118358127,1.6277879267453366,1.6545817050539293,1.589626613803633,1.6276916662270735,1.6211861812288757,1.6169105726524537,1.606632837157137,1.1006973825459052
2026-01-29,1.7896653270605145,1.4877359798808458,1.535519890091632,1.623376875868577,1.648989928115624,1.573765556330055,1.6110015046889716,1.6045986473401872,1.6002654311819913,1.5907437317073871,1.1010845440800971
2026-01-30,1.7606787593921869,1.4848774696831955,1.529698333824291,1.6124267408668331,1.6334688770718901,1.5623019427618565,1.6001876841831575,1.5940461415106086,1.5891503172166535,1.58076896787449,1.1014720190173322
2026-02-02,1.7244256374963662,1.4611864275672868,1.504666939980384,1.5816581319100804,1.6034812166133285,1.5261083891877416,1.5645101679789173,1.5582677599422388,1.5539538331378155,1.5442469736912483,1.1018991649550716
2026-02-03,1.7253426130933418,1.455468678920128,1.4994675134164588,1.5769241968565946,1.601245342967133,1.5295970442893836,1.5655125258682947,1.5594604044204916,1.554757471351216,1.5464579661947526,1.1023264321993145
2026-02-04,1.72877398179592,1.4482443528613274,1.4935199298870243,1.5717231988846085,1.5985415065189106,1.508786751545315,1.5445975901439104,1.53841751325668,1.534192527820624,1.5246517010832497,1.1027539538306559
2026-02-05,1.705223401591122,1.42952632370116,1.4782275590267584,1.5594126235632613,1.5800507407049682,1.5107435892145595,1.553522675490433,1.5461693871864974,1.5441813519884748,1.5283702359089513,1.103181286284737
2026-02-06,1.7132439902103822,1.4368058757724882,1.4828998429846247,1.5612566726238448,1.5860228294475243,1.5031356017644282,1.535655133438307,1.5296004346297054,1.5252217871386125,1.5172760517748711,1.1036089175071955
2026-02-09,1.7229218306463978,1.4410644745182526,1.4875199754994697,1.5667762675364119,1.5928782856299952,1.5102963627100092,1.5431422118535953,1.5371364305966633,1.5325805011379343,1.524646515945289,1.1040370697549846
2026-02-10,1.7326348822202777,1.446272692284188,1.493828873569496,1.575038342009037,1.6005698167549822,1.5217597266192067,1.5611486702377566,1.5541155510491593,1.5514094982825581,1.5374530853507364,1.1044647661598603
2026-02-11,1.7191147454131044,1.4375931826780184,1.4807302586491324,1.5549232418810937,1.587293981266831,1.4948790868415864,1.5268971440758254,1.520874676842556,1.5165255715466268,1.5081235155623693,1.1048929393455313
2026-02-12,1.699118693003642,1.4211655763547855,1.4640039792712143,1.5388332694634692,1.5690490298409905,1.473943081155799,1.5073948409961602,1.5014155813999712,1.4971890495461293,1.488734562147014,1.105321367441669
2026-02-13,1.7123645309366387,1.4357616085795466,1.4789480609552879,1.557927516765872,1.5836736244097482,1.5025775545597166,1.541641473346945,1.5352772287038046,1.5314499700173863,1.5207881933576766,1.1057500061395642
2026-02-16,1.703795907359044,1.425012049021577,1.4694681381690333,1.5449671696222644,1.5749226563380843,1.499081147753386,1.531430100904018,1.5254544854405248,1.5209637831686258,1.5130284854384393,1.1061788555553742
2026-02-17,1.7064007541520794,1.4291343320287289,1.4728717520413934,1.5508270752676547,1.5770644227813155,1.4845204066129483,1.5214820028840594,1.515142209441584,1.5114818369849103,1.5012696101023215,1.106608138360317
2026-02-18,1.7231276243456366,1.43931867358107,1.4831614768710846,1.5606369024777837,1.5902785038457814,1.496925379890504,1.5317376857884133,1.525936092880046,1.5210961441978657,1.513418905425825,1.1070375877601335
2026-02-19,1.7322736242601606,1.448307290848326,1.4954149941362873,1.5731894189827709,1.6021645190658969,1.5365581078516901,1.566701069827156,1.5609316487590514,1.5556539996998735,1.549578128355588,1.1074670256372665
2026-02-20,1.7355064449190225,1.4451249670265391,1.492317642028023,1.5741510390159006,1.601654437426283,1.5327108985454647,1.5629457556420205,1.557469717300398,1.5516489632102843,1.547307356559868,1.1078960953464005
2026-02-23,1.7435400341308724,1.4469327588988414,1.497809786072831,1.581547140152763,1.6084705643631543,1.5540813866527965,1.585698527431326,1.5794006373080625,1.5749705156167917,1.566825476636457,1.108325242131291
2026-02-24,1.7353810186721144,1.4405955926142882,1.4910595306174648,1.5750165837232502,1.6009679277677555,1.5436475511642973,1.5768295848361484,1.5703454865410909,1.5663803533473095,1.5570725194261341,1.1087552687052176
2026-02-25,1.74113536640666,1.445803063043576,1.496890970222768,1.5807624810277032,1.6068733954028693,1.5534442884486133,1.5848648832691543,1.5785193451151287,1.5741928594271157,1.566095277534732,1.109185283669378
2026-02-26,1.7159434027514102,1.4204392238526633,1.4724270366693264,1.5563504964550556,1.582097873574594,1.5308358678984653,1.5675146941267655,1.5605382503826029,1.557651476440959,1.5449474200789377,1.1096150190890544
2026-02-27,1.714177223348637,1.4085947319551217,1.4596362005511658,1.5409268735305073,1.5741204611715163,1.5109980365379676,1.5448462142400543,1.5383701465809885,1.5348214060650156,1.5238136127854762,1.1100451442488724
2026-03-02,1.6675309068214181,1.3637510297150277,1.4119755640440186,1.4878055078420573,1.526512835910344,1.458842583990896,1.4773656118040839,1.4719720498433824,1.4657665794389767,1.463430169549527,1.1104755254732137
2026-03-03,1.648638930498163,1.3551711240114965,1.4064572834948768,1.4868090515646164,1.5161953718394228,1.4804658167884124,1.5108979836728553,1.5045890429645583,1.5010310309707764,1.492510312748712,1.110906073562839
2026-03-04,1.648638930498163,1.3551711240114965,1.4064572834948768,1.4868090515646164,1.5161953718394228,1.4804658167884124,1.5108979836728553,1.5045890429645583,1.5010310309707764,1.492510312748712,1.111336430972779
2026-03-05,1.6917475467680352,1.436523371511536,1.4756760097052788,1.5576261945093268,1.5738891829859545,1.509138356047624,1.5274363735521894,1.5221399886185756,1.5147397171242691,1.5146513407020312,1.1117670892558051
2026-03-06,1.6709589844951074,1.419308013412432,1.4581524306660207,1.5387221800800286,1.55474512330784,1.4820878560249806,1.4897099625856252,1.485775020968688,1.4742302371100018,1.4854009102269237,1.1121978249531839
2026-03-09,1.697508424047984,1.4398548377026066,1.4818131831209507,1.5634612416963756,1.579962869655849,1.5122664805165686,1.5306640178671935,1.5262023681939636,1.5158118986363536,1.5212981917645774,1.1126284142596767
2026-03-10,1.7040436919853392,1.4452104150070806,1.4875264549198854,1.564971998538233,1.5858228158331618,1.5122664805165686,1.5306640178671935,1.5262023681939636,1.5158118986363536,1.5212981917645774,1.1130589464170342
2026-03-11,1.711591983848131,1.4513961538284141,1.4941253340237273,1.566716935958605,1.5925911051321786,1.5122664805165686,1.5306640178671935,1.5262023681939636,1.5158118986363536,1.5212981917645774,1.1134898243203566
2026-03-12,1.6902173586353553,1.4343653672152676,1.4763889114843618,1.5496975466130898,1.573833749107047,1.5064945945710586,1.5159849239361167,1.512229472110639,1.4996058756798865,1.5114506279655002,1.1139209586318024
2026-03-13,1.6658179134275435,1.411778665919769,1.453945324612887,1.5199663295941133,1.5505264020518608,1.4832259139536426,1.4891614419320853,1.4854183444788163,1.4732083184489864,1.4854091448439224,1.1143523943425446
2026-03-16,1.6795015719880797,1.4324399978568532,1.4729958267722911,1.5407716496787667,1.567452195727977,1.5065147479323426,1.5111736020130178,1.507871771240557,1.4937350668773088,1.5089901572181694,1.114784176513331
2026-03-17,1.6658332119791834,1.4262944856906694,1.463385756235636,1.527412524139964,1.556367797332401,1.5044566463321214,1.4964088018528463,1.493802919589688,1.4774705886720554,1.4990635052818408,1.115216305417353
2026-03-18,1.6598914874807262,1.4285807127128207,1.4648927322669,1.5250352597805739,1.5545105924684988,1.504320280515343,1.4985407575085445,1.4957924822876658,1.4799245284800377,1.5002608358811058,1.1156486915787787
2026-03-19,1.6303685518462898,1.4143375215506804,1.445131285576695,1.5016728354524616,1.529724460667758,1.4695807189977437,1.4587934947234578,1.4560450231190094,1.440854964814444,1.4616814082110636,1.1160813351669265
2026-03-20,1.6303685518462898,1.4143375215506804,1.445131285576695,1.5016728354524616,1.529724460667758,1.4695807189977437,1.4587934947234578,1.4560450231190094,1.440854964814444,1.4616814082110636,1.1165143261701587
2026-03-24,1.6521302058211964,1.4303332662532269,1.4668477305564125,1.5256240734969841,1.5517052970114962,1.484795112225403,1.4791209779504915,1.4774638169935514,1.4580900131976842,1.4859515187421064,1.116947440228182
2026-03-25,1.6647037434332237,1.4367107796392322,1.477118867720658,1.5368757007503462,1.5639636882027825,1.5170172953426846,1.5115873441541583,1.5101278619758751,1.4895057993249536,1.5193781467417327,1.1173807672424982
2026-03-26,1.6728424071899173,1.4492624739210591,1.4906834074629325,1.554156418450145,1.5752999564208179,1.5369970880786885,1.5408800117472923,1.5388420856375582,1.51975494190268,1.5450730439123879,1.1178143073305906
2026-03-27,1.6491998621791046,1.432432928242164,1.4695043774520788,1.5283668942625313,1.552566009679969,1.5018110862446248,1.4910816050503573,1.4900191070397044,1.468350488502033,1.5020200708020632,1.1182477007764948
2026-03-30,1.629848561621391,1.4173055526964298,1.4552941640725414,1.5152011134107886,1.5364907317590524,1.487150231867646,1.4760023156319657,1.4758907970729687,1.4511351367528815,1.4895869246102424,1.1186812172589404
2026-03-31,1.6525886939573495,1.4230182522668764,1.4649908542948558,1.5283963477285312,1.552588794609722,1.5166103171959873,1.5058733503599757,1.5050665161776833,1.4812372660640127,1.5181336047473655,1.1191149018048128
2026-04-01,1.6611731245102108,1.420667695958407,1.4648950290970368,1.5227387532405148,1.55625235997043,1.5096810448559101,1.5023122655510974,1.4999466711642169,1.4725857059503018,1.51198879437805,1.119588382434816
2026-04-02,1.6611731245102108,1.420667695958407,1.4648950290970368,1.5227387532405148,1.55625235997043,1.5096810448559101,1.5023122655510974,1.4999466711642169,1.4725857059503018,1.51198879437805,1.1200620633873302
2026-04-03,1.6611731245102108,1.420667695958407,1.4648950290970368,1.5227387532405148,1.55625235997043,1.5096810448559101,1.5023122655510974,1.4999466711642169,1.4725857059503018,1.51198879437805,1.1205359447471086
2026-04-06,1.6801659438869418,1.440035637109422,1.4847375564932639,1.5399370244100616,1.57627570451556,1.5558383331651626,1.5481537845322795,1.5458076845065707,1.5204900021810621,1.5582315634219637,1.121010342223324
2026-04-07,1.682660692033249,1.4449839046878836,1.4880121669303354,1.5500558211758928,1.5786658527195943,1.542161717293333,1.5356238952107089,1.5328266780104816,1.5082612999431164,1.544822224726527,1.1214847601104276
2026-04-08,1.6910507974392632,1.4398605805449751,1.4870940838055635,1.5402106947512901,1.582247706284553,1.5427823726998986,1.5395969615318845,1.535215784969525,1.5060975969582022,1.5462495157671112,1.121959649538122
2026-04-09,1.683377550535134,1.4392061348467948,1.4845588060682597,1.539874511203168,1.5770735409468974,1.5332423218380085,1.5313682510627533,1.5264312759355017,1.4967510414908396,1.5370237711034866,1.122435056081788
2026-04-10,1.683377550535134,1.4392061348467948,1.4845588060682597,1.539874511203168,1.5770735409468974,1.5332423218380085,1.5313682510627533,1.5264312759355017,1.4967510414908396,1.5370237711034866,1.122910212412666
2026-04-13,1.6830340210954151,1.4433129334998942,1.4879268603488696,1.5442110577770636,1.578762158198745,1.5451714421050688,1.5428898650008984,1.5381234438591334,1.5107321075225661,1.5488974304459306,1.1233854795202642
2026-04-14,1.6913122978301058,1.4441843949760946,1.489824477377635,1.5440624950422106,1.5835347944145277,1.543881807481603,1.5416442851156935,1.5368594257052273,1.5092206409245417,1.547613791598099,1.123860902578842
2026-04-15,1.7004436528920828,1.456882363697174,1.5026368493835027,1.5626252147970476,1.594699302707639,1.5380563750997283,1.5414730568565023,1.5340363634874445,1.498275408664582,1.5431278905452455,1.1243364363931552
2026-04-16,1.709770341745165,1.4566871071934813,1.5062816628027604,1.561255702741543,1.60166373112805,1.5561693730707955,1.5574481473296444,1.5509109861785713,1.5152454404790219,1.5607494006637268,1.1248121714177854
2026-04-17,1.7101642678468025,1.4584389476753823,1.5056883049903185,1.5651537932738122,1.6009907304403677,1.5458171078159877,1.54651105945182,1.540295419687434,1.5066690413350243,1.550224577360955,1.1252877456477508
2026-04-20,1.7046212790118827,1.4564705909155222,1.5027794656709643,1.5651552186894204,1.5968366358546506,1.538826107947884,1.5389647661769674,1.5330074966940537,1.4985898238952042,1.5430584511941636,1.125764200158093
2026-04-21,1.7027318480086044,1.4591661248819174,1.5044659570653423,1.5708451216150172,1.596985282514488,1.5426619961500498,1.5393675425831868,1.5349768536780777,1.503243820496764,1.5460484776022876,1.126240539305482
2026-04-22,1.6994763195448168,1.4588409363028936,1.5039844926068924,1.5700761076111922,1.5953302318476887,1.5478486733100996,1.544587561780166,1.5401860718385618,1.5095589439444128,1.5512773262166613,1.1267174878726562
2026-04-23,1.6853898585360039,1.4490112692335932,1.4920261969012472,1.5636515895217997,1.5821549663780252,1.5280799202104025,1.5226623948326004,1.5193393778520097,1.4913708587077832,1.5309245744230147,1.1271944570697363
2026-04-24,1.6731501584181827,1.4370910889245088,1.4808665330727988,1.5530928700012192,1.5709136495950962,1.520634402240821,1.5140587860561663,1.511251783726623,1.4820127475960279,1.5231331262817187,1.1276716281804435
2026-04-27,1.6552145431253922,1.4201398608034992,1.4639882075937722,1.5368527838874697,1.5533579315202883,1.4956098981153172,1.4908720833051536,1.4872976128571005,1.4561556929526436,1.4984866257817822,1.1281493189245881
2026-04-28,1.644204838252393,1.408514564784188,1.4531305055472488,1.5240870341162187,1.542540384253794,1.490748629414446,1.4850981627721132,1.4820146976316784,1.4545747951423995,1.4934240153141967,1.128627302813478
2026-04-29,1.619559194473662,1.3890137702855125,1.4330105339130963,1.5075472415184104,1.520724785140406,1.4684572401009997,1.4582574339551384,1.457246866988402,1.4271034782417176,1.4698666369414939,1.1291055346334353
2026-04-30,1.6331915433258952,1.392781402834537,1.4395288591534945,1.5103056958798824,1.5310939843141742,1.4844154007541752,1.4722218896278234,1.472114494162703,1.441270039561722,1.4854270256918454,1.1295840145279932
2026-05-04,1.6291843699927988,1.3900474497240254,1.4362915291129,1.5067546406395222,1.5273108940197226,1.4821147306132798,1.4682597897337883,1.4694241804235884,1.4426804202064507,1.482940192347529,1.1300622426546119
2026-05-05,1.6291843699927988,1.3900474497240254,1.4362915291129,1.5067546406395222,1.5273108940197226,1.4821147306132798,1.4682597897337883,1.4694241804235884,1.4426804202064507,1.482940192347529,1.1305399002141467
2026-05-06,1.6042828554813138,1.3677031664267472,1.412506762742226,1.4828319033044426,1.502645980229078,1.4345982261277357,1.4248020234064285,1.4232279206914253,1.3862181204116373,1.4358133237752728,1.1310182145885994
2026-05-07,1.6210162652945275,1.3693035538338862,1.4148300922089707,1.482470084258377,1.5105240205943158,1.4195104061963482,1.4096883753334069,1.4082299178909476,1.3717879425619397,1.420699677408365,1.1314971409295915
2026-05-08,1.623346485634953,1.3680971772537882,1.4124341004746135,1.4811002451877682,1.509799132492037,1.402216150666546,1.3940986318543143,1.3914619214869095,1.3513782806394838,1.403567201897114,1.1319761790100014
2026-05-11,1.6182642347359173,1.364952988596037,1.409393158449585,1.476797765847356,1.5060479587508566,1.400788588728732,1.3922438130455372,1.3899517846808553,1.3501495725321773,1.4020966379584319,1.132454918854192
2026-05-12,1.6040609834580861,1.3597618036952206,1.402965456475989,1.4738340395137408,1.4964609808374734,1.4007435910206187,1.3911953644141215,1.389642555993604,1.353736520963134,1.4019295692116758,1.1329344079945778
2026-05-13,1.615758536034677,1.3697183260843113,1.4136363269688939,1.4810222056377804,1.5078312592377896,1.4225033805626242,1.4115956953032476,1.4109513160630984,1.3763032742293582,1.4235834133994465,1.1334142825063482
2026-05-14,1.6163771197316745,1.3702337600707442,1.4148809067087964,1.4817845767852036,1.5087335285888501,1.4163606928251953,1.4066082408384686,1.4051467097401167,1.366644361135596,1.4175683786684405,1.1338943146700868
2026-05-15,1.603317411321193,1.3625044471108319,1.4074134858320533,1.4809912456708123,1.4990858356861279,1.4091499456668204,1.3993812377156756,1.3979633354380334,1.3607813311399302,1.4103366008737541,1.134374458887211
2026-05-19,1.605180990892079,1.3696497860941652,1.413638093964394,1.4857563063365564,1.503787956547344,1.4267914142721752,1.4150220225224104,1.4149748866577287,1.3842747193462264,1.427767175034901,1.1348546694818515
2026-05-20,1.5779000292570178,1.343500132215696,1.3871455114868771,1.4621351149248751,1.4767387932560245,1.3981452406525896,1.3866467905597026,1.3865622801431083,1.357198797591131,1.39909899966908,1.1353354943506382
2026-05-21,1.5888968482300743,1.3426170167451081,1.388476904470949,1.4586296076311311,1.482439052600939,1.404594057276642,1.3927025405823608,1.3928874948791,1.3633455289723662,1.4055216335025162,1.1358162945157846
2026-05-22,1.5917949029477334,1.3418363887072138,1.3886763400503424,1.4616062034912245,1.4838689026036538,1.3953431765938196,1.3847681019597509,1.3840038223093922,1.3524482144676582,1.396394502445333,1.1362973439977624
2026-05-25,1.6123738405930061,1.3567387249835292,1.4025142346483388,1.4763628328312208,1.5002331049743505,1.397362971822298,1.3867273738419221,1.3859652558990492,1.356624907087324,1.39839390873808,1.1367783686003308
2026-05-26,1.6488558988257147,1.39456542658629,1.4416037818609313,1.5132618767536614,1.5391003091482578,1.4630219659301578,1.4504358942573488,1.450723622943747,1.4244165314664268,1.4639345940035233,1.1372595968332864
2026-05-27,1.6256129572316609,1.3819116240444258,1.4275705016002902,1.501598151174715,1.5210345584002398,1.4482035694704636,1.4357123497050446,1.4360371942285894,1.4090141294957579,1.4491117086800795,1.1377413948799806
2026-05-28,1.6246188817634037,1.3753530775072138,1.4215520737350176,1.4942630707048494,1.5171018779354843,1.4420367358640105,1.4290213229991486,1.429724243699704,1.403683979313392,1.4428497016108195,1.138223946418015
2026-06-01,1.674895746494984,1.4157204143802025,1.4637539365392958,1.5416423839928328,1.5637561590952682,1.5006687955781477,1.4862919415290607,1.487455788026588,1.463250638003457,1.501285131563678,1.138706748422134
2026-06-02,1.674895746494984,1.4157204143802025,1.4637539365392958,1.5416423839928328,1.5637561590952682,1.5006687955781477,1.4862919415290607,1.487455788026588,1.463250638003457,1.501285131563678,1.1391892511928345
2026-06-03,1.6656531737695053,1.4102460348430812,1.4588301114683389,1.5336663728254332,1.557134971969293,1.502015354252702,1.4901876495539155,1.4900597800017275,1.4608132120906674,1.5032359408963496,1.1396724626515966
2026-06-04,1.6706476990824,1.4163279664293105,1.4651018413323025,1.5412953996989291,1.5628950782099231,1.5017738361842463,1.4909895479198805,1.4903555012212804,1.4581197871430966,1.5032320875740246,1.1401559249340671
2026-06-05,1.6326312735914827,1.386130694478803,1.4358075700168058,1.4969877301069208,1.5294997551942857,1.481406914225175,1.4718349291462833,1.4705982335371433,1.4404784718777346,1.4831229264948127,1.140639638185547
2026-06-08,1.6326312735914827,1.386130694478803,1.4358075700168058,1.4969877301069208,1.5294997551942857,1.481406914225175,1.4718349291462833,1.4705982335371433,1.4404784718777346,1.4831229264948127,1.141123556653265
2026-06-09,1.7005169974481187,1.4477521358813554,1.4967448312442582,1.564913660323221,1.5940759056840559,1.5752607991625367,1.5599101165402103,1.5611604164840447,1.5390899187706744,1.5759204691003388,1.1416076345066482
2026-06-10,1.6696974844764192,1.4262577430994332,1.4746846043169828,1.5469764816381915,1.5684897452501068,1.541320051743006,1.5259005420097702,1.5273980036450865,1.5019706336743255,1.5418589856437177,1.1420919636485884
2026-06-11,1.6731886234350344,1.4109258851497857,1.464357508818419,1.527282818392835,1.5644592294020283,1.5354138475253576,1.5230653372934135,1.5230324613527157,1.4965084191198619,1.5365938532624928,1.1425759008322565
2026-06-12,1.6731886234350344,1.4109258851497857,1.464357508818419,1.527282818392835,1.5644592294020283,1.5354138475253576,1.5230653372934135,1.5230324613527157,1.4965084191198619,1.5365938532624928,1.1430593534330349
2026-06-15,1.6731886234350344,1.4109258851497857,1.464357508818419,1.527282818392835,1.5644592294020283,1.5354138475253576,1.5230653372934135,1.5230324613527157,1.4965084191198619,1.5365938532624928,1.1435430105947682
2026-06-16,1.678829657736941,1.4162501161753982,1.4699092917258256,1.5302836187771172,1.5701240633531612,1.5466797525702847,1.5342414528085513,1.5342048469100522,1.5063087630740095,1.5478901510099252,1.1440274245837712
2026-06-17,1.6823497925307012,1.4224936055317827,1.4761062160833534,1.5375804768174555,1.5753071226148114,1.5535831273564393,1.541773972953093,1.541390276837897,1.5128467545025766,1.5549493883480452,1.1445125961881741
2026-06-18,1.6823497925307012,1.4224936055317827,1.4761062160833534,1.5375804768174555,1.5753071226148114,1.5535831273564393,1.541773972953093,1.541390276837897,1.5128467545025766,1.5549493883480452,1.144998065657445
2026-06-19,1.6823497925307012,1.4224936055317827,1.4761062160833534,1.5375804768174555,1.5753071226148114,1.5535831273564393,1.541773972953093,1.541390276837897,1.5128467545025766,1.5549493883480452,1.1454836028283413
2026-06-22,1.7031229555593854,1.441803877826711,1.4948556939998445,1.555461173981099,1.594438269471455,1.555160889273577,1.5397169629679106,1.5411528080449641,1.5179692474386888,1.5557103143122741,1.1459685162162934
2026-06-23,1.703961760164343,1.476091059054257,1.5187487822340409,1.6053206412073757,1.6066244494059334,1.5223245742856992,1.5094613730856046,1.5097154852161734,1.4837842325823762,1.5233913621996618,1.146453404317969
2026-06-24,1.6835873298974724,1.4649423534949737,1.505424423595395,1.5961335882330676,1.5897963746161534,1.5017774151843448,1.493013521562962,1.4912635924744262,1.4608809678560122,1.5037332160927726,1.1469390973051854
2026-06-25,1.7050701494138258,1.4931235142230406,1.5305845184580005,1.635212952389883,1.612617314642821,1.4976903862250779,1.4890652692458892,1.4872571939588808,1.4580334208736392,1.4996536447770545,1.1474245345390284
2026-06-26,1.7598521802509806,1.5723503342965999,1.6010814235023065,1.7356877710671648,1.6750845419497058,1.5145291644228316,1.5046037687470264,1.503390230524666,1.4747510009310218,1.516244264359337,1.1479104080880156
2026-06-29,1.7598521802509806,1.5723503342965999,1.6010814235023065,1.7356877710671648,1.6750845419497058,1.5145291644228316,1.5046037687470264,1.503390230524666,1.4747510009310218,1.516244264359337,1.14839648737873
2026-06-30,1.7861619827105082,1.631805463628098,1.64893080975959,1.8166749029977296,1.7113066609007348,1.487482010795982,1.4785964364720359,1.476880603187932,1.4485469261411323,1.489396621335792,1.1488834194422686
2026-07-01,1.7983047916032806,1.648140375795372,1.664841900109967,1.8461821918738228,1.7253885659302661,1.484165905878704,1.4764101538723275,1.474438429714413,1.4438488975221058,1.4864477844833932,1.1494007924358065
2026-07-02,1.7493677686225961,1.60885610960808,1.6179298100608228,1.7504146505045075,1.6763875435626128,1.471640410723459,1.4627404480009065,1.4612379388112595,1.4311286785703905,1.4735423048952037,1.1499185371695022
2026-07-03,1.761733957100933,1.6110653817173775,1.6246359163672193,1.7583805073001908,1.6865579799784125,1.4880942067717227,1.4769009003847264,1.476015870023981,1.447578363315693,1.4893022353712932,1.1504356822256994
2026-07-06,1.74357354529763,1.5940963575053366,1.6054701143016707,1.7309494000440182,1.6669720842867457,1.4644072576507907,1.4548498069275415,1.45379564456589,1.4253301489392614,1.4661875522917132,1.150953430195742
2026-07-07,1.7358347089448345,1.5965942748049893,1.6069061084057117,1.7277760347551285,1.6638581118205986,1.475510822572704,1.4688890178977987,1.4666696544810527,1.434185701604488,1.4781445368968587,1.1514714111757345
2026-07-08,1.7395720976262994,1.607689592856454,1.614928331511156,1.7409605674589956,1.6698493320812349,1.4865780480826452,1.4734052667527948,1.4727850543450294,1.4482084502878627,1.4870251334816749,1.1519899032769105
2026-07-09,1.7477810884989227,1.61351997336859,1.6214502029723992,1.7346926641399603,1.6769345078099631,1.5034278376124177,1.4908498483319546,1.4893424604339993,1.4658394885357398,1.5038563789618407,1.1525083507165599
2026-07-10,1.7830745592543964,1.6419231658816988,1.6510800191945278,1.7581355246607402,1.7094254208633763,1.5414959620354471,1.5312379301244985,1.5287591724889893,1.502265534708479,1.5427205746125776,1.1530269851048331
2026-07-14,1.77456498964456,1.6341264397188138,1.644308152704948,1.7538573896793697,1.7020708249110785,1.5416205866076238,1.5257605871338753,1.5250011251220486,1.5050357168663966,1.541082210827772,1.1535457136901544
2026-07-15,1.7660367784259927,1.6265019199188722,1.6361187862323894,1.7337702443964247,1.6935033158791475,1.5476012750727726,1.534616397950672,1.5328160028924551,1.5097789207681187,1.5479307346977549,1.154064768478973
2026-07-16,1.7649979251260721,1.6332085767663271,1.6406485987804282,1.7406706525844695,1.6948815719546906,1.543752642323652,1.5316940826790175,1.5298309413993232,1.5052775517098211,1.5444470002939008,1.1545840568240961
2026-07-17,1.7523015164328466,1.620317253018125,1.6291709004284238,1.7279167606086945,1.6832252702870807,1.5377872787471936,1.5243476527526074,1.5227080935509125,1.499072010851934,1.5379205858300433,1.1551034394516906
2026-07-21,1.7564167110313014,1.6153057214258175,1.6268725888417603,1.7235107064308612,1.6843732600446863,1.5399872713028235,1.5253051590721662,1.5244358661245512,1.5013941958217363,1.5399001695088166,1.1556232416425727
2026-07-22,1.7476826793064486,1.6071833195082503,1.6170209171761325,1.6994006532143089,1.6746646496128132,1.5379358739181597,1.5225335519911185,1.5219421560234268,1.49979118196681,1.5376378760812806,1.1561436497586728
2026-07-23,1.7376584358451366,1.5965628429575074,1.6058455558235996,1.69054041054122,1.6638655704400274,1.5182565148180913,1.503564914100055,1.5029166251433839,1.4805502041346292,1.5181664246953175,1.1566645713629333
2026-07-24,1.7376584358451366,1.5965628429575074,1.6058455558235996,1.69054041054122,1.6638655704400274,1.5182565148180913,1.503564914100055,1.5029166251433839,1.4805502041346292,1.5181664246953175,1.1571853087876178
2026-07-27,1.7356901217335858,1.5831470670779852,1.5961061500765874,1.6925386299430103,1.6580650277707092,1.490922930625323,1.476844852278648,1.4769525867077862,1.4539584963866565,1.4913113947620542,1.157706513473058
2026-07-28,1.7377681035675847,1.5848890561634583,1.5995562300460056,1.704048504207085,1.6613138534214051,1.4932168173294758,1.478463290449465,1.4788780629067868,1.4563817059267086,1.4934438424938477,1.1582269746218272
2026-07-29,1.7418869454986785,1.5899214053395072,1.6042948950967102,1.7085303432847114,1.6658443752337198,1.4990375352620353,1.482066649056211,1.4830270378061439,1.461965453542431,1.4985199007301402,1.1587484154499612
2026-07-30,1.74285906276027,1.588022376811431,1.6029561697381836,1.7011347562588883,1.6658242362613778,1.5079271247206305,1.488066310350646,1.4898907819815894,1.4718803021988331,1.5065283467071342,1.1592702309155807
2026-07-31,1.7682895854282807,1.6169524466296632,1.6312035602293502,1.7280200407750803,1.6925276193758279,1.536992571052417,1.5211496432561693,1.5218345718113993,1.4977478044791122,1.5370239201237579,1.159792281368689
2026-08-03,1.77770160359001,1.6178386463538375,1.6356105048209162,1.7295193874952752,1.6999974633122046,1.5358998126376497,1.5190205260761533,1.5202010848139231,1.4973601465706792,1.5356843623702616,1.1603143335689985
2026-08-04,1.7790890475154961,1.6161689400230914,1.6343408082440296,1.7270159530630202,1.6999564144844104,1.533050360279641,1.5171962766102995,1.5181685085073269,1.4949775762640385,1.533208944033738,1.1608365273779166
2026-08-05,1.7851389171094048,1.6117153593676374,1.6316452048649497,1.7234808851847931,1.7016351606193898,1.5267178408242599,1.5116320541017034,1.5124568987755858,1.4887444230274667,1.5271357689556062,1.1613589561976125
2026-08-06,1.802384400398877,1.6303555692446174,1.6510557331417937,1.743908454088627,1.7203370038686023,1.5602254598046865,1.540102037142905,1.5418777021911574,1.5231242508842382,1.5589194387658265,1.1618814799370716
2026-08-07,1.802384400398877,1.6303555692446174,1.6510557331417937,1.743908454088627,1.7203370038686023,1.5602254598046865,1.540102037142905,1.5418777021911574,1.5231242508842382,1.5589194387658265,1.162404238772714
2026-08-10,1.7881498798986049,1.6141238070084782,1.6347994630174896,1.726955930779794,1.7049120895696213,1.5298151392117008,1.5134129023308394,1.514762324210389,1.4906852685594156,1.529860837570544,1.16292737313328
2026-08-11,1.7913392322828718,1.6167272949286262,1.6376912840560482,1.73121539310112,1.7080135979002045,1.5388035193935636,1.5217289216777654,1.5232730271623973,1.501122055843807,1.5386943672003688,1.16345064933717
2026-08-12,1.7980038968194862,1.6245330474648234,1.6452479925937655,1.7375129252256203,1.7150259640372598,1.5463609388030093,1.530409444112841,1.5316098645919165,1.5077430618138137,1.546638570958259,1.1639739737311445
2026-08-13,1.7953303608620728,1.6247692917592385,1.6447602166758233,1.7390765125262457,1.7135010920477998,1.5483719160862917,1.5293962417304063,1.5313294837174511,1.511741208984791,1.5476222385141205,1.1644974866808786
2026-08-14,1.7953612136662007,1.6212466784407689,1.641461510319003,1.7355716952402251,1.711885457370884,1.5483645089595859,1.528252746627185,1.5299178214915925,1.5133756115354333,1.5469862062382034,1.1650214693803553
2026-08-18,1.796329519627703,1.6207535592865705,1.642884902334176,1.7373295220230185,1.7133337502230341,1.568585704882231,1.5468080068678978,1.5490268197453114,1.5339923791951195,1.5667962803681956,1.1655459691313528
2026-08-19,1.7929079883924348,1.6126464172280928,1.6355989147592354,1.728156751654038,1.7079322059975537,1.5500411234858242,1.5296030862098595,1.531872593050769,1.5144423785553427,1.5487908788238829,1.1660705643130935
2026-08-20,1.7887807393221726,1.6045859387173305,1.6280016356173441,1.7203077528457011,1.7020372325825377,1.5380467647412928,1.5172908771047162,1.5197629037518834,1.5033139274293783,1.5366960441056439,1.166595583294865
2026-08-21,1.7848742345713235,1.5954453774902004,1.6208405939764874,1.7103923129743566,1.6965282058518978,1.5349065267766941,1.5162118785088199,1.5184222880071325,1.499113345227719,1.534362488410742,1.1671207447785388
2026-08-24,1.8214124900603437,1.6171098110656512,1.6474894342823547,1.7341112151306461,1.7286831077795657,1.5664625703761308,1.5456157534923907,1.5487084809550757,1.532111458197842,1.565507106437672,1.1676457669590896
2026-08-25,1.841698991734238,1.6266825895811436,1.660336277534261,1.738048683177096,1.7456754569882635,1.5468939045052799,1.5296508800833248,1.5319678185454573,1.5108226247824534,1.5471320175359535,1.1681705084801335
2026-08-26,1.8524526890651951,1.6297706948494368,1.6666719686981872,1.7407095634338,1.754710972557259,1.5418479222970374,1.5258126318257523,1.5281394476068837,1.5051429360742372,1.5426183528768211,1.1686958148651163
2026-08-27,1.8564622463591978,1.6356154346359473,1.6718990722255522,1.7460371729599806,1.759306473610986,1.5453367226463326,1.5281862412826708,1.5307416166016903,1.5082731342366913,1.5457055031876898,1.1692214044989209
2026-08-28,1.8657281165808879,1.6474863499940808,1.6819915561221448,1.7565627048693937,1.7689369169165239,1.5435967046449268,1.5250990306564869,1.5275416673436073,1.5077338662711266,1.5432951383775606,1.169747277551219
2026-08-31,1.860712931019786,1.6303258672943421,1.6698708307059977,1.7363770568939274,1.7606776388201022,1.5495050794482157,1.5307537370538418,1.5331257144629664,1.5133406104814513,1.5491011908249788,1.1702731988428121
2026-09-01,1.8441306268654427,1.6320958580417622,1.6658850986402005,1.7424265775792487,1.7500692116706769,1.5540404141987676,1.5312626559532512,1.5346377862828273,1.5193957308042787,1.552253335524039,1.1707995920447223
2026-09-02,1.9062744784094052,1.6621654878629082,1.705057041879287,1.7708411792222627,1.8018913007173236,1.5519973176198343,1.528270662490815,1.5319231966580948,1.5178432092237186,1.5498983695718287,1.1713258451231203
2026-09-03,1.9457074296692156,1.6771907574016711,1.7267162477254028,1.7828874295430108,1.8331367196927548,1.545480788428966,1.5232883357955211,1.5264438504454092,1.5106506119980978,1.5437909356537614,1.1718522876093729
2026-09-04,1.9438934910177736,1.6772245076561956,1.7254435428792616,1.7845679357856756,1.8313692408553621,1.554090663732405,1.5302788987553417,1.5338240048651366,1.5196197047138478,1.5518618007351381,1.1723788252372584
2026-09-08,1.9891858350695122,1.7043201239702082,1.7584879710928107,1.8128376397688228,1.8713571495174413,1.5674021169058585,1.5431447098940554,1.5467868232041786,1.5328035057059393,1.5650820442828186,1.17290555227378
2026-09-09,1.9973087260472226,1.7097823699079744,1.7640568585973333,1.8161721687955166,1.878101698308099,1.570260040109474,1.5462155444549608,1.5495206708629579,1.5350520125915534,1.5678098843746946,1.1734329407304418
2026-09-10,1.985202064769252,1.705018221408335,1.7577387195670828,1.8115686367976551,1.868686498834663,1.5932019699682576,1.56935721392227,1.5719512687156538,1.5563049413113377,1.5904326161506612,1.1739607551959093
2026-09-11,1.9516588514619952,1.6771219545349856,1.7266955634023593,1.7868332035712233,1.8357529371491468,1.5535532148505624,1.5308112524302775,1.5339771743299317,1.5185661607193417,1.551618665485281,1.1744887125955816
2026-09-14,1.9654681579886035,1.6859441520610827,1.7370683422771172,1.792438796220281,1.848364116837053,1.5658648759995004,1.5420969476919382,1.5447614589734229,1.529797536758978,1.5630429399683723,1.1750169546905398
