universo,estrategia,frecuencia,costo,rotacion_media,costo_total
9_empresas,igual,mensual,0pb,0.06171004800904788,0.0
9_empresas,igual,mensual,20pb,0.06171004800904788,0.004591822016380011
9_empresas,igual,mensual,50pb,0.06171004800904788,0.011479555040950027
9_empresas,igual,trimestral,20pb,0.12865575376537536,0.003801180552715255
9_empresas,min_var_muestral,mensual,0pb,0.16574914245802247,0.0
9_empresas,min_var_muestral,mensual,20pb,0.16574914245802247,0.008961463983236943
9_empresas,min_var_muestral,mensual,50pb,0.16574914245802247,0.022403659958092362
9_empresas,min_var_muestral,trimestral,20pb,0.33005274721917804,0.0066207384610684926
9_empresas,min_var_lw,mensual,0pb,0.10818783401528588,0.0
9_empresas,min_var_lw,mensual,20pb,0.10818783401528588,0.006543889028642008
9_empresas,min_var_lw,mensual,50pb,0.10818783401528588,0.016359722571605017
9_empresas,min_var_lw,trimestral,20pb,0.22171285649319436,0.005103979990904721
9_empresas,min_cvar,mensual,0pb,0.23091575914364912,0.0
9_empresas,min_cvar,mensual,20pb,0.23091575914364912,0.011698461884033265
9_empresas,min_cvar,mensual,50pb,0.23091575914364912,0.029246154710083162
9_empresas,min_cvar,trimestral,20pb,0.44333902585874213,0.008206746362022392
9_empresas,paridad_riesgo,mensual,0pb,0.07694390659978188,0.0
9_empresas,paridad_riesgo,mensual,20pb,0.07694390659978188,0.005231644077190839
9_empresas,paridad_riesgo,mensual,50pb,0.07694390659978188,0.013079110192977098
9_empresas,paridad_riesgo,trimestral,20pb,0.16490484698317434,0.0043086678577644415
liquidas,igual,mensual,0pb,0.03483210153327029,0.0
liquidas,igual,mensual,20pb,0.03483210153327029,0.0034629482643973525
liquidas,igual,mensual,50pb,0.03483210153327029,0.00865737066099338
liquidas,igual,trimestral,20pb,0.05668591066918443,0.0027936027493685816
liquidas,min_var_muestral,mensual,0pb,0.06498480475703343,0.0
liquidas,min_var_muestral,mensual,20pb,0.06498480475703343,0.004729361799795403
liquidas,min_var_muestral,mensual,50pb,0.06498480475703343,0.011823404499488509
liquidas,min_var_muestral,trimestral,20pb,0.11006491929873148,0.0035409088701822402
liquidas,min_var_lw,mensual,0pb,0.05908746748474644,0.0
liquidas,min_var_lw,mensual,20pb,0.05908746748474644,0.00448167363435935
liquidas,min_var_lw,mensual,50pb,0.05908746748474644,0.011204184085898378
liquidas,min_var_lw,trimestral,20pb,0.10718442152240078,0.0035005819013136106
liquidas,min_cvar,mensual,0pb,0.08506876620859168,0.0
liquidas,min_cvar,mensual,20pb,0.08506876620859168,0.0055728881807608505
liquidas,min_cvar,mensual,50pb,0.08506876620859168,0.013932220451902127
liquidas,min_cvar,trimestral,20pb,0.1515238617670272,0.004121334064738381
liquidas,paridad_riesgo,mensual,0pb,0.04154386079753415,0.0
liquidas,paridad_riesgo,mensual,20pb,0.04154386079753415,0.0037448421534964343
liquidas,paridad_riesgo,mensual,50pb,0.04154386079753415,0.009362105383741087
liquidas,paridad_riesgo,trimestral,20pb,0.07486455744173266,0.0030481038041842573
