ventana,peso_max,universo,inicio_backtesting,estrategia,periodo,sharpe,retorno_anual,volatilidad_anual,max_drawdown,sharpe_1n,supera_1n
126,0.2,9_empresas,2021-01-01,igual,2021-2023,-0.6287861871053464,-0.040147750183870956,0.15720280026052338,-0.3561760514318406,-0.6287861871053464,False
126,0.2,9_empresas,2021-01-01,igual,2024,1.3162607886834476,0.2957708430940895,0.12065391641793542,-0.07493064937934868,1.3162607886834476,False
126,0.2,9_empresas,2021-01-01,igual,2025-2026,1.9872688145425372,0.49318610745787517,0.16027079316111068,-0.12331430187439918,1.9872688145425372,False
126,0.2,9_empresas,2021-01-01,igual,total,0.4430656679761936,0.15041414063662595,0.15282146565877056,-0.3561760514318406,0.4430656679761936,False
126,0.2,9_empresas,2021-01-01,min_var_muestral,2021-2023,-0.8357863804299028,-0.07052596102134334,0.15678321135841128,-0.40205954140653655,-0.6287861871053464,False
126,0.2,9_empresas,2021-01-01,min_var_muestral,2024,0.974452226276399,0.25903663734790205,0.13529920998314715,-0.07626594852568791,1.3162607886834476,False
126,0.2,9_empresas,2021-01-01,min_var_muestral,2025-2026,1.3489072599782181,0.3239039903487937,0.1451237325619942,-0.10219151496405776,1.9872688145425372,False
126,0.2,9_empresas,2021-01-01,min_var_muestral,total,0.06672621236121001,0.08639474316441409,0.1501430823905254,-0.40205954140653655,0.4430656679761936,False
126,0.2,9_empresas,2021-01-01,min_var_lw,2021-2023,-0.6759054953965687,-0.045414770770268786,0.15489455735022647,-0.36630879691528595,-0.6287861871053464,False
126,0.2,9_empresas,2021-01-01,min_var_lw,2024,0.78593793542802,0.21816506778362488,0.12386550909847006,-0.0768612987639169,1.3162607886834476,False
126,0.2,9_empresas,2021-01-01,min_var_lw,2025-2026,1.6102467094642907,0.38182567620686236,0.14847915162768077,-0.09702016085741949,1.9872688145425372,False
126,0.2,9_empresas,2021-01-01,min_var_lw,total,0.20705958939715619,0.10940795079140808,0.14831843247088794,-0.36630879691528595,0.4430656679761936,False
126,0.2,9_empresas,2021-01-01,min_cvar,2021-2023,-0.7214327947493212,-0.06687754533196055,0.1726609397895462,-0.42399322980705734,-0.6287861871053464,False
126,0.2,9_empresas,2021-01-01,min_cvar,2024,0.3057096721705029,0.14859914142345043,0.12726372496522664,-0.0837441126536157,1.3162607886834476,False
126,0.2,9_empresas,2021-01-01,min_cvar,2025-2026,1.6156009992244937,0.39742420059233075,0.1556431068305722,-0.09426994097825825,1.9872688145425372,False
126,0.2,9_empresas,2021-01-01,min_cvar,total,0.083938187015751,0.08838293687758014,0.16093846334013387,-0.42399322980705734,0.4430656679761936,False
126,0.2,9_empresas,2021-01-01,paridad_riesgo,2021-2023,-0.6492321853236744,-0.0415423359648579,0.15501335113482867,-0.3566831006187434,-0.6287861871053464,False
126,0.2,9_empresas,2021-01-01,paridad_riesgo,2024,1.1058320529627816,0.26455130870930565,0.12163564090733045,-0.07577342527265063,1.3162607886834476,False
126,0.2,9_empresas,2021-01-01,paridad_riesgo,2025-2026,1.8243425716914707,0.4355643994256604,0.15230700108700526,-0.10346673898561587,1.9872688145425372,False
126,0.2,9_empresas,2021-01-01,paridad_riesgo,total,0.3394197422940538,0.13159080909939802,0.1492672217143895,-0.3566831006187434,0.4430656679761936,False
126,0.2,7_sin_ETB_Nutresa,2021-01-01,igual,2021-2023,-0.7999032235174373,-0.07174419981583624,0.16403307074077353,-0.3825955911411557,-0.7999032235174373,False
126,0.2,7_sin_ETB_Nutresa,2021-01-01,igual,2024,1.2047781196324099,0.2979795002924901,0.13473142104686686,-0.09103154347801912,1.2047781196324099,False
126,0.2,7_sin_ETB_Nutresa,2021-01-01,igual,2025-2026,1.3554548373456698,0.3625446479700192,0.16827134339356592,-0.17201511186838747,1.3554548373456698,False
126,0.2,7_sin_ETB_Nutresa,2021-01-01,igual,total,0.15340634441595413,0.10060489480768142,0.16090456789151347,-0.3825955911411557,0.15340634441595413,False
126,0.2,7_sin_ETB_Nutresa,2021-01-01,min_var_muestral,2021-2023,-0.8877018584059653,-0.08602037773984272,0.1650649754079824,-0.4178980693490867,-0.7999032235174373,False
126,0.2,7_sin_ETB_Nutresa,2021-01-01,min_var_muestral,2024,1.1184512294340219,0.28283351215624664,0.13459777833316527,-0.08180803387680713,1.2047781196324099,False
126,0.2,7_sin_ETB_Nutresa,2021-01-01,min_var_muestral,2025-2026,0.7531549218446483,0.22375090405218634,0.15789848261806724,-0.17590663344091728,1.3554548373456698,False
126,0.2,7_sin_ETB_Nutresa,2021-01-01,min_var_muestral,total,-0.10987082000622836,0.05572631841997544,0.1582486641807109,-0.4178980693490867,0.15340634441595413,False
126,0.2,7_sin_ETB_Nutresa,2021-01-01,min_var_lw,2021-2023,-0.825861389189109,-0.07531219846464854,0.16362277474860087,-0.3989205987706621,-0.7999032235174373,False
126,0.2,7_sin_ETB_Nutresa,2021-01-01,min_var_lw,2024,1.0920170510323401,0.275143584334953,0.13203021849876054,-0.08552156000188604,1.2047781196324099,False
126,0.2,7_sin_ETB_Nutresa,2021-01-01,min_var_lw,2025-2026,0.9584718886267836,0.2634862394941395,0.1573279062797999,-0.16586182448705888,1.3554548373456698,False
126,0.2,7_sin_ETB_Nutresa,2021-01-01,min_var_lw,total,-0.01982182253967563,0.07112920981770698,0.15691137793662707,-0.3989205987706621,0.15340634441595413,False
126,0.2,7_sin_ETB_Nutresa,2021-01-01,min_cvar,2021-2023,-1.0117908796624326,-0.10941900707497965,0.16967022139920243,-0.4556341255702505,-0.7999032235174373,False
126,0.2,7_sin_ETB_Nutresa,2021-01-01,min_cvar,2024,0.6857350230173466,0.2114367018226111,0.13622044955301793,-0.07908763509067362,1.2047781196324099,False
126,0.2,7_sin_ETB_Nutresa,2021-01-01,min_cvar,2025-2026,0.9286399311044722,0.2763060804338988,0.17665540644292962,-0.19656808670149584,1.3554548373456698,False
126,0.2,7_sin_ETB_Nutresa,2021-01-01,min_cvar,total,-0.1657480254203568,0.04356150395108127,0.16669900245543776,-0.4556341255702505,0.15340634441595413,False
126,0.2,7_sin_ETB_Nutresa,2021-01-01,paridad_riesgo,2021-2023,-0.828907385264664,-0.07669188867299503,0.16462229603772607,-0.3996804244566021,-0.7999032235174373,False
126,0.2,7_sin_ETB_Nutresa,2021-01-01,paridad_riesgo,2024,1.1256386600689214,0.2815837120522906,0.1326430254041189,-0.0881450543688197,1.2047781196324099,False
126,0.2,7_sin_ETB_Nutresa,2021-01-01,paridad_riesgo,2025-2026,1.1623893128220728,0.30865371159385746,0.16037017166297324,-0.1637594350518914,1.3554548373456698,False
126,0.2,7_sin_ETB_Nutresa,2021-01-01,paridad_riesgo,total,0.047077613214157245,0.08223570053173179,0.15850047108626344,-0.3996804244566021,0.15340634441595413,False
126,0.3,9_empresas,2021-01-01,igual,2021-2023,-0.6287861871053464,-0.040147750183870956,0.15720280026052338,-0.3561760514318406,-0.6287861871053464,False
126,0.3,9_empresas,2021-01-01,igual,2024,1.3162607886834476,0.2957708430940895,0.12065391641793542,-0.07493064937934868,1.3162607886834476,False
126,0.3,9_empresas,2021-01-01,igual,2025-2026,1.9872688145425372,0.49318610745787517,0.16027079316111068,-0.12331430187439918,1.9872688145425372,False
126,0.3,9_empresas,2021-01-01,igual,total,0.4430656679761936,0.15041414063662595,0.15282146565877056,-0.3561760514318406,0.4430656679761936,False
126,0.3,9_empresas,2021-01-01,min_var_muestral,2021-2023,-0.8149765521471717,-0.06784551007610817,0.15717012600178693,-0.40067607030077257,-0.6287861871053464,False
126,0.3,9_empresas,2021-01-01,min_var_muestral,2024,0.6103010352128223,0.20111714092584165,0.13975005598304968,-0.08417295384444334,1.3162607886834476,False
126,0.3,9_empresas,2021-01-01,min_var_muestral,2025-2026,1.2265706897623923,0.29582833072770875,0.1416681090281122,-0.09367191795948127,1.9872688145425372,False
126,0.3,9_empresas,2021-01-01,min_var_muestral,total,-0.019557431552608286,0.07244710300129498,0.15004136079643782,-0.40067607030077257,0.4430656679761936,False
126,0.3,9_empresas,2021-01-01,min_var_lw,2021-2023,-0.6638032140019302,-0.04342814220363156,0.1546437336342426,-0.3663087969152855,-0.6287861871053464,False
126,0.3,9_empresas,2021-01-01,min_var_lw,2024,0.7745180461406602,0.21649687947969376,0.12393132154946718,-0.07686129876391667,1.3162607886834476,False
126,0.3,9_empresas,2021-01-01,min_var_lw,2025-2026,1.5887317794270823,0.37637020947956645,0.14794211567598262,-0.09394619748543898,1.9872688145425372,False
126,0.3,9_empresas,2021-01-01,min_var_lw,total,0.20526594043610502,0.10909615994086064,0.14802008064378872,-0.3663087969152855,0.4430656679761936,False
126,0.3,9_empresas,2021-01-01,min_cvar,2021-2023,-0.7387980462480259,-0.07580568041191482,0.17990503996122895,-0.3917557526569996,-0.6287861871053464,False
126,0.3,9_empresas,2021-01-01,min_cvar,2024,-0.10345767623404374,0.09016081226039452,0.12807607681454072,-0.11049558766877621,1.3162607886834476,False
126,0.3,9_empresas,2021-01-01,min_cvar,2025-2026,1.3719413084709162,0.36528653293619806,0.16775432090222298,-0.10639881238855653,1.9872688145425372,False
126,0.3,9_empresas,2021-01-01,min_cvar,total,-0.03699426548190494,0.06574070155403589,0.1686140301666617,-0.3917557526569996,0.4430656679761936,False
126,0.3,9_empresas,2021-01-01,paridad_riesgo,2021-2023,-0.6492321672833853,-0.04154233367951499,0.15501335165267555,-0.3566830972926275,-0.6287861871053464,False
126,0.3,9_empresas,2021-01-01,paridad_riesgo,2024,1.1058325146667194,0.26455140058822746,0.12163565777665394,-0.07577337975900011,1.3162607886834476,False
126,0.3,9_empresas,2021-01-01,paridad_riesgo,2025-2026,1.8243010813840885,0.43555532286094856,0.1523069906785149,-0.10346675671266592,1.9872688145425372,False
126,0.3,9_empresas,2021-01-01,paridad_riesgo,total,0.3394074950329426,0.13158874014334532,0.14926720962055579,-0.3566830972926275,0.4430656679761936,False
126,0.3,liquidas,2021-01-01,igual,2021-2023,-0.5464302661470845,-0.05536912900711277,0.19719135082568667,-0.39516457370115454,-0.5464302661470845,False
126,0.3,liquidas,2021-01-01,igual,2024,-0.43513124012543775,0.031831858755735576,0.14991474566728177,-0.16437372954064078,-0.43513124012543775,False
126,0.3,liquidas,2021-01-01,igual,2025-2026,1.0273194227701643,0.3053323052888701,0.18275355885446162,-0.1222195423269461,1.0273194227701643,False
126,0.3,liquidas,2021-01-01,igual,total,-0.07664001375245329,0.05409000023761168,0.18563455589392253,-0.39516457370115454,-0.07664001375245329,False
126,0.3,liquidas,2021-01-01,min_var_muestral,2021-2023,-0.5689918588725531,-0.060372447816018915,0.19829024612414528,-0.40220743481607624,-0.5464302661470845,False
126,0.3,liquidas,2021-01-01,min_var_muestral,2024,-0.5677601834838691,0.014407274427758132,0.1459550095585375,-0.15465998350875998,-0.43513124012543775,False
126,0.3,liquidas,2021-01-01,min_var_muestral,2025-2026,0.9927731071095695,0.2946536843101495,0.1804094297691299,-0.14416050435198668,1.0273194227701643,False
126,0.3,liquidas,2021-01-01,min_var_muestral,total,-0.12176510699969628,0.04548070496827794,0.18503969332327602,-0.40220743481607624,-0.07664001375245329,False
126,0.3,liquidas,2021-01-01,min_var_lw,2021-2023,-0.5640015702593585,-0.05858379833155258,0.19710795449876792,-0.3985797659621112,-0.5464302661470845,False
126,0.3,liquidas,2021-01-01,min_var_lw,2024,-0.5641074738671784,0.015059049782944811,0.14580205197296536,-0.1586279933030077,-0.43513124012543775,False
126,0.3,liquidas,2021-01-01,min_var_lw,2025-2026,1.0172422622589685,0.3009067632570064,0.18089305442462245,-0.14073654679437775,1.0273194227701643,False
126,0.3,liquidas,2021-01-01,min_var_lw,total,-0.10899249300269676,0.04813112837259981,0.1844853565043001,-0.3985797659621112,-0.07664001375245329,False
126,0.3,liquidas,2021-01-01,min_cvar,2021-2023,-0.6320801375706935,-0.07287676358968509,0.1993357532670126,-0.4236183025986109,-0.5464302661470845,False
126,0.3,liquidas,2021-01-01,min_cvar,2024,-0.4236110347376268,0.035583790476722665,0.14660825618369314,-0.15243131898497364,-0.43513124012543775,True
126,0.3,liquidas,2021-01-01,min_cvar,2025-2026,0.9729995468732549,0.29744072371401664,0.18763827195451283,-0.15293818887586108,1.0273194227701643,False
126,0.3,liquidas,2021-01-01,min_cvar,total,-0.13278729092529062,0.042425590216402354,0.1878189033748586,-0.4236183025986109,-0.07664001375245329,False
126,0.3,liquidas,2021-01-01,paridad_riesgo,2021-2023,-0.5941738175648031,-0.06361652428552911,0.19636096507857223,-0.4029487734675672,-0.5464302661470845,False
126,0.3,liquidas,2021-01-01,paridad_riesgo,2024,-0.47966634457239254,0.027097475016679473,0.14662867812129649,-0.16062681517555222,-0.43513124012543775,False
126,0.3,liquidas,2021-01-01,paridad_riesgo,2025-2026,1.0442115968440084,0.30722713577647776,0.18085806965207799,-0.1288784735647882,1.0273194227701643,True
126,0.3,liquidas,2021-01-01,paridad_riesgo,total,-0.1062009208158518,0.048765640366258856,0.18417571351345052,-0.4029487734675672,-0.07664001375245329,False
126,0.3,7_sin_ETB_Nutresa,2021-01-01,igual,2021-2023,-0.7999032232076985,-0.07174419978080737,0.16403307075431597,-0.3825955910974287,-0.7999032232076985,False
126,0.3,7_sin_ETB_Nutresa,2021-01-01,igual,2024,1.2047781178268673,0.29797949995289286,0.13473142102935007,-0.09103154350164577,1.2047781178268673,False
126,0.3,7_sin_ETB_Nutresa,2021-01-01,igual,2025-2026,1.3554548377608229,0.3625446480687702,0.16827134339587482,-0.1720151117792934,1.3554548377608229,False
126,0.3,7_sin_ETB_Nutresa,2021-01-01,igual,total,0.15340634438926648,0.1006048948028857,0.16090456789687643,-0.3825955910974287,0.15340634438926648,False
126,0.3,7_sin_ETB_Nutresa,2021-01-01,min_var_muestral,2021-2023,-0.8248494442149427,-0.07942556479975427,0.16828912320194772,-0.4119537697789605,-0.7999032232076985,False
126,0.3,7_sin_ETB_Nutresa,2021-01-01,min_var_muestral,2024,0.8402935342505509,0.23541672708382877,0.1341986722197487,-0.08012858793810196,1.2047781178268673,False
126,0.3,7_sin_ETB_Nutresa,2021-01-01,min_var_muestral,2025-2026,0.7077989580158741,0.2147952813957983,0.15753721965093834,-0.18156601053403298,1.3554548377608229,False
126,0.3,7_sin_ETB_Nutresa,2021-01-01,min_var_muestral,total,-0.13770988976939474,0.050598826732909385,0.1598389965422615,-0.4119537697789605,0.15340634438926648,False
126,0.3,7_sin_ETB_Nutresa,2021-01-01,min_var_lw,2021-2023,-0.7836057641749128,-0.06969684218938188,0.1645285289793812,-0.39898332129097247,-0.7999032232076985,True
126,0.3,7_sin_ETB_Nutresa,2021-01-01,min_var_lw,2024,1.036572749154615,0.2659632772339693,0.13212080351422328,-0.08228336323038354,1.2047781178268673,False
126,0.3,7_sin_ETB_Nutresa,2021-01-01,min_var_lw,2025-2026,0.9363770771174493,0.25738108133054083,0.15557006123028244,-0.16985736391558515,1.3554548377608229,False
126,0.3,7_sin_ETB_Nutresa,2021-01-01,min_var_lw,total,-0.01625914118896675,0.07173200020273485,0.15689698095742977,-0.39898332129097247,0.15340634438926648,False
126,0.3,7_sin_ETB_Nutresa,2021-01-01,min_cvar,2021-2023,-0.9828097487864187,-0.1080343140624338,0.17254935676899044,-0.4525880264882609,-0.7999032232076985,False
126,0.3,7_sin_ETB_Nutresa,2021-01-01,min_cvar,2024,0.5256880889200712,0.18684822624448438,0.13947997618056182,-0.09273467928148849,1.2047781178268673,False
126,0.3,7_sin_ETB_Nutresa,2021-01-01,min_cvar,2025-2026,0.9422655812284921,0.2820976148266685,0.17947233736461354,-0.1900238857501242,1.3554548377608229,False
126,0.3,7_sin_ETB_Nutresa,2021-01-01,min_cvar,total,-0.16830047017382554,0.04207295850862525,0.1695874863108016,-0.4525880264882609,0.15340634438926648,False
126,0.3,7_sin_ETB_Nutresa,2021-01-01,paridad_riesgo,2021-2023,-0.7841681767031086,-0.06900839042938434,0.16365431751806453,-0.3840622642482009,-0.7999032232076985,True
126,0.3,7_sin_ETB_Nutresa,2021-01-01,paridad_riesgo,2024,1.1263503033046192,0.28171842329117647,0.13265393480938484,-0.08804794686945383,1.2047781178268673,False
126,0.3,7_sin_ETB_Nutresa,2021-01-01,paridad_riesgo,2025-2026,1.1618712987846311,0.30852310442012576,0.16035334301077056,-0.16389352899572007,1.3554548377608229,False
126,0.3,7_sin_ETB_Nutresa,2021-01-01,paridad_riesgo,total,0.07465218282129753,0.08702575668269397,0.15794394655589042,-0.3840622642482009,0.15340634438926648,False
126,0.5,9_empresas,2021-01-01,igual,2021-2023,-0.6287861871053464,-0.040147750183870956,0.15720280026052338,-0.3561760514318406,-0.6287861871053464,False
126,0.5,9_empresas,2021-01-01,igual,2024,1.3162607886834476,0.2957708430940895,0.12065391641793542,-0.07493064937934868,1.3162607886834476,False
126,0.5,9_empresas,2021-01-01,igual,2025-2026,1.9872688145425372,0.49318610745787517,0.16027079316111068,-0.12331430187439918,1.9872688145425372,False
126,0.5,9_empresas,2021-01-01,igual,total,0.4430656679761936,0.15041414063662595,0.15282146565877056,-0.3561760514318406,0.4430656679761936,False
126,0.5,9_empresas,2021-01-01,min_var_muestral,2021-2023,-0.8324000332092928,-0.0706046944112616,0.1573953849506591,-0.4069253163522131,-0.6287861871053464,False
126,0.5,9_empresas,2021-01-01,min_var_muestral,2024,0.6103004226485119,0.20111704171734823,0.13975006223167336,-0.08417303038940227,1.3162607886834476,False
126,0.5,9_empresas,2021-01-01,min_var_muestral,2025-2026,1.2204808035626125,0.29731752224990426,0.1435122254085501,-0.08546499309812183,1.9872688145425372,False
126,0.5,9_empresas,2021-01-01,min_var_muestral,total,-0.02716737034601766,0.0711085328577794,0.15068367894302367,-0.4069253163522131,0.4430656679761936,False
126,0.5,9_empresas,2021-01-01,min_var_lw,2021-2023,-0.6638032140019302,-0.04342814220363156,0.1546437336342426,-0.3663087969152855,-0.6287861871053464,False
126,0.5,9_empresas,2021-01-01,min_var_lw,2024,0.7745180461406602,0.21649687947969376,0.12393132154946718,-0.07686129876391667,1.3162607886834476,False
126,0.5,9_empresas,2021-01-01,min_var_lw,2025-2026,1.5826524791469172,0.37507479348790307,0.14791143398582368,-0.09394619748543898,1.9872688145425372,False
126,0.5,9_empresas,2021-01-01,min_var_lw,total,0.2034147970042536,0.10879189613336737,0.1480095634268406,-0.3663087969152855,0.4430656679761936,False
126,0.5,9_empresas,2021-01-01,min_cvar,2021-2023,-0.7315966973257142,-0.07490613762674869,0.18026290847179408,-0.39126165552542813,-0.6287861871053464,False
126,0.5,9_empresas,2021-01-01,min_cvar,2024,-0.2331963290000532,0.07183605258523662,0.1290436739099601,-0.1272320123577998,1.3162607886834476,False
126,0.5,9_empresas,2021-01-01,min_cvar,2025-2026,1.3168451594612955,0.3564228306215409,0.17013472854850856,-0.11412378962208447,1.9872688145425372,False
126,0.5,9_empresas,2021-01-01,min_cvar,total,-0.061307229122346305,0.06113078109878067,0.16962428022044002,-0.39126165552542813,0.4430656679761936,False
126,0.5,9_empresas,2021-01-01,paridad_riesgo,2021-2023,-0.6492321522629216,-0.04154233170475263,0.15501335198987337,-0.3566830972926275,-0.6287861871053464,False
126,0.5,9_empresas,2021-01-01,paridad_riesgo,2024,1.1058325146667194,0.26455140058822746,0.12163565777665394,-0.07577337975900011,1.3162607886834476,False
126,0.5,9_empresas,2021-01-01,paridad_riesgo,2025-2026,1.824301078766958,0.4355553223857207,0.15230699071841342,-0.10346675671266592,1.9872688145425372,False
126,0.5,9_empresas,2021-01-01,paridad_riesgo,total,0.339407501520435,0.13158874127966613,0.14926720981379166,-0.3566830972926275,0.4430656679761936,False
126,0.5,liquidas,2021-01-01,igual,2021-2023,-0.5464302661470845,-0.05536912900711277,0.19719135082568667,-0.39516457370115454,-0.5464302661470845,False
126,0.5,liquidas,2021-01-01,igual,2024,-0.43513124012543775,0.031831858755735576,0.14991474566728177,-0.16437372954064078,-0.43513124012543775,False
126,0.5,liquidas,2021-01-01,igual,2025-2026,1.0273194227701643,0.3053323052888701,0.18275355885446162,-0.1222195423269461,1.0273194227701643,False
126,0.5,liquidas,2021-01-01,igual,total,-0.07664001375245329,0.05409000023761168,0.18563455589392253,-0.39516457370115454,-0.07664001375245329,False
126,0.5,liquidas,2021-01-01,min_var_muestral,2021-2023,-0.817930740656346,-0.11422587530617778,0.2075654437928598,-0.49057537690989894,-0.5464302661470845,False
126,0.5,liquidas,2021-01-01,min_var_muestral,2024,-0.5733920878341701,0.012050391405875382,0.1480793522964804,-0.1553420121567063,-0.43513124012543775,False
126,0.5,liquidas,2021-01-01,min_var_muestral,2025-2026,1.0167023684988643,0.3065112419705671,0.186176000496857,-0.15134551169580013,1.0273194227701643,False
126,0.5,liquidas,2021-01-01,min_var_muestral,total,-0.2617362106611942,0.015314406753851761,0.1923725467326659,-0.49057537690989894,-0.07664001375245329,False
126,0.5,liquidas,2021-01-01,min_var_lw,2021-2023,-0.7175398377700196,-0.08797079068554048,0.19864690470060523,-0.4417523553181497,-0.5464302661470845,False
126,0.5,liquidas,2021-01-01,min_var_lw,2024,-0.49024034095680014,0.026684829065956484,0.1448468226002227,-0.1485576005418604,-0.43513124012543775,False
126,0.5,liquidas,2021-01-01,min_var_lw,2025-2026,1.083252729223836,0.3205970664186568,0.18432412892506803,-0.14256127818443287,1.0273194227701643,True
126,0.5,liquidas,2021-01-01,min_var_lw,total,-0.16292513457543353,0.037102770671049834,0.18627798531303225,-0.4417523553181497,-0.07664001375245329,False
126,0.5,liquidas,2021-01-01,min_cvar,2021-2023,-0.9073363873001248,-0.12861898547139927,0.20559179624149343,-0.49423690736010406,-0.5464302661470845,False
126,0.5,liquidas,2021-01-01,min_cvar,2024,-0.4090511899169844,0.03407251851239268,0.15308314855444194,-0.17092507100782328,-0.43513124012543775,True
126,0.5,liquidas,2021-01-01,min_cvar,2025-2026,0.919223170807918,0.2935964969326552,0.1974343021360087,-0.17448566037427404,1.0273194227701643,False
126,0.5,liquidas,2021-01-01,min_cvar,total,-0.2955891035208559,0.00733349332199329,0.19518087109751392,-0.49423690736010406,-0.07664001375245329,False
126,0.5,liquidas,2021-01-01,paridad_riesgo,2021-2023,-0.6090159500887793,-0.06633329177783731,0.19634610529607052,-0.4087592018441787,-0.5464302661470845,False
126,0.5,liquidas,2021-01-01,paridad_riesgo,2024,-0.4467622514163924,0.031882448014644904,0.14692427235707448,-0.15681720244246788,-0.43513124012543775,False
126,0.5,liquidas,2021-01-01,paridad_riesgo,2025-2026,1.066321849270429,0.3122871788309243,0.18070747574764678,-0.1288784957200827,1.0273194227701643,True
126,0.5,liquidas,2021-01-01,paridad_riesgo,total,-0.1041188447496859,0.04916869950460123,0.18417388649211106,-0.4087592018441787,-0.07664001375245329,False
126,0.5,7_sin_ETB_Nutresa,2021-01-01,igual,2021-2023,-0.7999032235133842,-0.07174419981514335,0.16403307074068882,-0.38259559114041497,-0.7999032235133842,False
126,0.5,7_sin_ETB_Nutresa,2021-01-01,igual,2024,1.2047781196319123,0.2979795002926704,0.134731421047058,-0.09103154347820086,1.2047781196319123,False
126,0.5,7_sin_ETB_Nutresa,2021-01-01,igual,2025-2026,1.3554548373457245,0.36254464797078634,0.16827134339403182,-0.1720151118689056,1.3554548373457245,False
126,0.5,7_sin_ETB_Nutresa,2021-01-01,igual,total,0.15340634441960557,0.1006048948083278,0.1609045678916364,-0.38259559114041497,0.15340634441960557,False
126,0.5,7_sin_ETB_Nutresa,2021-01-01,min_var_muestral,2021-2023,-0.8027566183225588,-0.07665078196443675,0.16901748846982442,-0.41066246152791197,-0.7999032235133842,False
126,0.5,7_sin_ETB_Nutresa,2021-01-01,min_var_muestral,2024,0.8184935947654138,0.23277280842375037,0.1353363732607372,-0.08000759164620752,1.2047781196319123,False
126,0.5,7_sin_ETB_Nutresa,2021-01-01,min_var_muestral,2025-2026,0.6967623006918849,0.21277956675472454,0.15767753206178223,-0.18320359048039214,1.3554548373457245,False
126,0.5,7_sin_ETB_Nutresa,2021-01-01,min_var_muestral,total,-0.1319078066745009,0.05138727076411276,0.160446713734716,-0.41066246152791197,0.15340634441960557,False
126,0.5,7_sin_ETB_Nutresa,2021-01-01,min_var_lw,2021-2023,-0.7805107600766936,-0.06924563820054341,0.16455405276387222,-0.39898379563642383,-0.7999032235133842,True
126,0.5,7_sin_ETB_Nutresa,2021-01-01,min_var_lw,2024,1.0365745054186724,0.26596361765046206,0.13212084453488107,-0.08228351905908049,1.2047781196319123,False
126,0.5,7_sin_ETB_Nutresa,2021-01-01,min_var_lw,2025-2026,0.9363775496980732,0.2573813311402271,0.15557022072916044,-0.1698575759466584,1.3554548373457245,False
126,0.5,7_sin_ETB_Nutresa,2021-01-01,min_var_lw,total,-0.014592185721077953,0.072009757149607,0.15691039691124956,-0.39898379563642383,0.15340634441960557,False
126,0.5,7_sin_ETB_Nutresa,2021-01-01,min_cvar,2021-2023,-0.9100904285763631,-0.09884495768572699,0.1746695995522724,-0.4453210382832906,-0.7999032235133842,False
126,0.5,7_sin_ETB_Nutresa,2021-01-01,min_cvar,2024,0.4011726940341711,0.16656014109099493,0.13988540798995372,-0.10950728796560816,1.2047781196319123,False
126,0.5,7_sin_ETB_Nutresa,2021-01-01,min_cvar,2025-2026,0.9916945158841943,0.29902531787063324,0.18474567385882454,-0.1841928587231162,1.3554548373457245,False
126,0.5,7_sin_ETB_Nutresa,2021-01-01,min_cvar,total,-0.12619294493403124,0.04864829165414686,0.17242011682359176,-0.4453210382832906,0.15340634441960557,False
126,0.5,7_sin_ETB_Nutresa,2021-01-01,paridad_riesgo,2021-2023,-0.7841685406445145,-0.06900844503466552,0.16365431657966048,-0.3840622997929738,-0.7999032235133842,True
126,0.5,7_sin_ETB_Nutresa,2021-01-01,paridad_riesgo,2024,1.1263501617191367,0.2817184002070905,0.1326539355661007,-0.08804792913400294,1.2047781196319123,False
126,0.5,7_sin_ETB_Nutresa,2021-01-01,paridad_riesgo,2025-2026,1.1618715937261601,0.3085231497269889,0.16035333045566713,-0.16389353377036409,1.3554548373457245,False
126,0.5,7_sin_ETB_Nutresa,2021-01-01,paridad_riesgo,total,0.0746520263894088,0.087025730175873,0.1579439425928283,-0.3840622997929738,0.15340634441960557,False
252,0.2,9_empresas,2021-01-01,igual,2021-2023,-0.6287861871053464,-0.040147750183870956,0.15720280026052338,-0.3561760514318406,-0.6287861871053464,False
252,0.2,9_empresas,2021-01-01,igual,2024,1.3162607886834476,0.2957708430940895,0.12065391641793542,-0.07493064937934868,1.3162607886834476,False
252,0.2,9_empresas,2021-01-01,igual,2025-2026,1.9872688145425372,0.49318610745787517,0.16027079316111068,-0.12331430187439918,1.9872688145425372,False
252,0.2,9_empresas,2021-01-01,igual,total,0.4430656679761936,0.15041414063662595,0.15282146565877056,-0.3561760514318406,0.4430656679761936,False
252,0.2,9_empresas,2021-01-01,min_var_muestral,2021-2023,-1.0849437764534682,-0.10752331603387766,0.15799826856285587,-0.46120833378889137,-0.6287861871053464,False
252,0.2,9_empresas,2021-01-01,min_var_muestral,2024,1.3599335384483537,0.33072018768265865,0.13799714503338753,-0.06268366497511424,1.3162607886834476,True
252,0.2,9_empresas,2021-01-01,min_var_muestral,2025-2026,1.4230162329986795,0.3505554265928741,0.15233359394000964,-0.09599614343672325,1.9872688145425372,False
252,0.2,9_empresas,2021-01-01,min_var_muestral,total,0.0279758718707478,0.07964462692683472,0.1534684503015708,-0.46120833378889137,0.4430656679761936,False
252,0.2,9_empresas,2021-01-01,min_var_lw,2021-2023,-0.8267662461670711,-0.066629702231217,0.15397188390967306,-0.38744033615132134,-0.6287861871053464,False
252,0.2,9_empresas,2021-01-01,min_var_lw,2024,1.3440079823842546,0.31980667593885825,0.1330052278803514,-0.06644033758319201,1.3162607886834476,True
252,0.2,9_empresas,2021-01-01,min_var_lw,2025-2026,1.6009288157180874,0.3881795307192313,0.15261072058009703,-0.09725700520334868,1.9872688145425372,False
252,0.2,9_empresas,2021-01-01,min_var_lw,total,0.2282695273633286,0.11308449101412799,0.1504959454895009,-0.38744033615132134,0.4430656679761936,False
252,0.2,9_empresas,2021-01-01,min_cvar,2021-2023,-0.8754926801313494,-0.0897560415184907,0.17099837744511187,-0.43487343448739835,-0.6287861871053464,False
252,0.2,9_empresas,2021-01-01,min_cvar,2024,0.6192930127657559,0.19723987474583882,0.1305594296121281,-0.06690377595688068,1.3162607886834476,False
252,0.2,9_empresas,2021-01-01,min_cvar,2025-2026,1.5156151162977163,0.392009533418201,0.16421106358052337,-0.11757366206360464,1.9872688145425372,False
252,0.2,9_empresas,2021-01-01,min_cvar,total,0.040798347367923087,0.0806201675784064,0.16297553256343308,-0.43487343448739835,0.4430656679761936,False
252,0.2,9_empresas,2021-01-01,paridad_riesgo,2021-2023,-0.7216875129486519,-0.052275483344530915,0.1550340354017165,-0.36988415299401645,-0.6287861871053464,False
252,0.2,9_empresas,2021-01-01,paridad_riesgo,2024,1.379142686050114,0.3125803419761777,0.12488735061815223,-0.07070544582147309,1.3162607886834476,True
252,0.2,9_empresas,2021-01-01,paridad_riesgo,2025-2026,1.8256235642215597,0.4398998606036435,0.15400373563702394,-0.10748513585915398,1.9872688145425372,False
252,0.2,9_empresas,2021-01-01,paridad_riesgo,total,0.3472447818530009,0.13313609340206578,0.15030383386207108,-0.36988415299401645,0.4430656679761936,False
252,0.2,7_sin_ETB_Nutresa,2021-01-01,igual,2021-2023,-0.7999032235174373,-0.07174419981583624,0.16403307074077353,-0.3825955911411557,-0.7999032235174373,False
252,0.2,7_sin_ETB_Nutresa,2021-01-01,igual,2024,1.2047781196324099,0.2979795002924901,0.13473142104686686,-0.09103154347801912,1.2047781196324099,False
252,0.2,7_sin_ETB_Nutresa,2021-01-01,igual,2025-2026,1.3554548373456698,0.3625446479700192,0.16827134339356592,-0.17201511186838747,1.3554548373456698,False
252,0.2,7_sin_ETB_Nutresa,2021-01-01,igual,total,0.15340634441595413,0.10060489480768142,0.16090456789151347,-0.3825955911411557,0.15340634441595413,False
252,0.2,7_sin_ETB_Nutresa,2021-01-01,min_var_muestral,2021-2023,-0.9606623757576369,-0.09978145172237673,0.1678444233984775,-0.45015065997912995,-0.7999032235174373,False
252,0.2,7_sin_ETB_Nutresa,2021-01-01,min_var_muestral,2024,1.1061784473977656,0.2795614320764388,0.13367063028236412,-0.08012121986948828,1.2047781196324099,False
252,0.2,7_sin_ETB_Nutresa,2021-01-01,min_var_muestral,2025-2026,0.7089172448615451,0.21255325047115514,0.15394654723160148,-0.16897215346624705,1.3554548373456698,False
252,0.2,7_sin_ETB_Nutresa,2021-01-01,min_var_muestral,total,-0.18020812653155818,0.04393877928963863,0.15855554378002834,-0.45015065997912995,0.15340634441595413,False
252,0.2,7_sin_ETB_Nutresa,2021-01-01,min_var_lw,2021-2023,-0.8945224046971082,-0.08857024196647634,0.1666519254074631,-0.42485100098837525,-0.7999032235174373,False
252,0.2,7_sin_ETB_Nutresa,2021-01-01,min_var_lw,2024,1.0664721018674337,0.2734037217287857,0.13418223626272044,-0.08433096475496782,1.2047781196324099,False
252,0.2,7_sin_ETB_Nutresa,2021-01-01,min_var_lw,2025-2026,0.8902363809259589,0.24738458092258386,0.15448945467957234,-0.16443660552246098,1.3554548373456698,False
252,0.2,7_sin_ETB_Nutresa,2021-01-01,min_var_lw,total,-0.09245006474351666,0.05868055987328247,0.15811652305591695,-0.42485100098837525,0.15340634441595413,False
252,0.2,7_sin_ETB_Nutresa,2021-01-01,min_cvar,2021-2023,-0.9269154403251011,-0.0957663760592451,0.16894385663597908,-0.44665586381054223,-0.7999032235174373,False
252,0.2,7_sin_ETB_Nutresa,2021-01-01,min_cvar,2024,0.9945476897088424,0.27157733203414436,0.14378215026610092,-0.10193443733223051,1.2047781196324099,False
252,0.2,7_sin_ETB_Nutresa,2021-01-01,min_cvar,2025-2026,0.8504887891724212,0.2503688815519287,0.16682455175531527,-0.21957625686914906,1.3554548373456698,False
252,0.2,7_sin_ETB_Nutresa,2021-01-01,min_cvar,total,-0.1057736751465035,0.054677298397822094,0.16442267684099007,-0.44665586381054223,0.15340634441595413,False
252,0.2,7_sin_ETB_Nutresa,2021-01-01,paridad_riesgo,2021-2023,-0.8364429774994954,-0.07761350423975721,0.16438808321144605,-0.3932276312436731,-0.7999032235174373,False
252,0.2,7_sin_ETB_Nutresa,2021-01-01,paridad_riesgo,2024,1.1013455643749916,0.27972350798145174,0.13447116920307145,-0.0890973539607236,1.2047781196324099,False
252,0.2,7_sin_ETB_Nutresa,2021-01-01,paridad_riesgo,2025-2026,1.108178531675955,0.29453679179647607,0.158099564303774,-0.16474351724804137,1.3554548373456698,False
252,0.2,7_sin_ETB_Nutresa,2021-01-01,paridad_riesgo,total,0.021680119667913236,0.0779723701454349,0.1579600323662734,-0.3932276312436731,0.15340634441595413,False
252,0.3,9_empresas,2021-01-01,igual,2021-2023,-0.6287861871053464,-0.040147750183870956,0.15720280026052338,-0.3561760514318406,-0.6287861871053464,False
252,0.3,9_empresas,2021-01-01,igual,2024,1.3162607886834476,0.2957708430940895,0.12065391641793542,-0.07493064937934868,1.3162607886834476,False
252,0.3,9_empresas,2021-01-01,igual,2025-2026,1.9872688145425372,0.49318610745787517,0.16027079316111068,-0.12331430187439918,1.9872688145425372,False
252,0.3,9_empresas,2021-01-01,igual,total,0.4430656679761936,0.15041414063662595,0.15282146565877056,-0.3561760514318406,0.4430656679761936,False
252,0.3,9_empresas,2021-01-01,min_var_muestral,2021-2023,-1.130067045491914,-0.11675779112235507,0.16051406543644947,-0.47124741809938486,-0.6287861871053464,False
252,0.3,9_empresas,2021-01-01,min_var_muestral,2024,1.2026814015496539,0.3031276984226352,0.13867200945284136,-0.06480020693718125,1.3162607886834476,False
252,0.3,9_empresas,2021-01-01,min_var_muestral,2025-2026,1.4617881703274205,0.36365105741791104,0.15518081035112147,-0.09806820104284808,1.9872688145425372,False
252,0.3,9_empresas,2021-01-01,min_var_muestral,total,-0.011200784032615402,0.07275804159625077,0.15580523314582725,-0.47124741809938486,0.4430656679761936,False
252,0.3,9_empresas,2021-01-01,min_var_lw,2021-2023,-0.8368799060910009,-0.06858899063734203,0.1545220614723509,-0.3874403361513209,-0.6287861871053464,False
252,0.3,9_empresas,2021-01-01,min_var_lw,2024,1.3345940476626659,0.31777970324626037,0.13276704775463186,-0.06580957686060052,1.3162607886834476,True
252,0.3,9_empresas,2021-01-01,min_var_lw,2025-2026,1.5994039617850877,0.3879628729983853,0.1526631074686023,-0.09749517041075895,1.9872688145425372,False
252,0.3,9_empresas,2021-01-01,min_var_lw,total,0.21859478155315354,0.11148713031436297,0.1507791520420382,-0.3874403361513209,0.4430656679761936,False
252,0.3,9_empresas,2021-01-01,min_cvar,2021-2023,-0.923244651798209,-0.09971443201942087,0.1735386518382294,-0.4497252683224586,-0.6287861871053464,False
252,0.3,9_empresas,2021-01-01,min_cvar,2024,0.5390519470678713,0.18702421087541188,0.13521966087866044,-0.08150216383244735,1.3162607886834476,False
252,0.3,9_empresas,2021-01-01,min_cvar,2025-2026,1.545874901711956,0.41396658339649806,0.17195498851525348,-0.10391913856519863,1.9872688145425372,False
252,0.3,9_empresas,2021-01-01,min_cvar,total,0.027319833578740464,0.07758691054738387,0.1673856280612135,-0.4497252683224586,0.4430656679761936,False
252,0.3,9_empresas,2021-01-01,paridad_riesgo,2021-2023,-0.7216876007032796,-0.052275495580541786,0.15503403460999066,-0.3698841529940162,-0.6287861871053464,False
252,0.3,9_empresas,2021-01-01,paridad_riesgo,2024,1.3791419092057515,0.31258022005745745,0.12488735375779511,-0.07070543874556612,1.3162607886834476,True
252,0.3,9_empresas,2021-01-01,paridad_riesgo,2025-2026,1.8256239979139466,0.43989990299768467,0.15400371339114227,-0.10748511920244397,1.9872688145425372,False
252,0.3,9_empresas,2021-01-01,paridad_riesgo,total,0.34724469403218444,0.13313607695018925,0.1503038272689363,-0.3698841529940162,0.4430656679761936,False
252,0.3,liquidas,2021-01-01,igual,2021-2023,-0.5464302661470845,-0.05536912900711277,0.19719135082568667,-0.39516457370115454,-0.5464302661470845,False
252,0.3,liquidas,2021-01-01,igual,2024,-0.43513124012543775,0.031831858755735576,0.14991474566728177,-0.16437372954064078,-0.43513124012543775,False
252,0.3,liquidas,2021-01-01,igual,2025-2026,1.0273194227701643,0.3053323052888701,0.18275355885446162,-0.1222195423269461,1.0273194227701643,False
252,0.3,liquidas,2021-01-01,igual,total,-0.07664001375245329,0.05409000023761168,0.18563455589392253,-0.39516457370115454,-0.07664001375245329,False
252,0.3,liquidas,2021-01-01,min_var_muestral,2021-2023,-0.6823031504036678,-0.07956392451526417,0.19621071444723887,-0.4123536050316815,-0.5464302661470845,False
252,0.3,liquidas,2021-01-01,min_var_muestral,2024,-0.5832965238803594,0.009925825207341088,0.1489084642612135,-0.16418821838951914,-0.43513124012543775,False
252,0.3,liquidas,2021-01-01,min_var_muestral,2025-2026,0.9796204384711205,0.2935751322324067,0.1823350648380235,-0.14924421455717796,1.0273194227701643,False
252,0.3,liquidas,2021-01-01,min_var_muestral,total,-0.1872672448739618,0.032969771683445837,0.18484031605266954,-0.4123536050316815,-0.07664001375245329,False
252,0.3,liquidas,2021-01-01,min_var_lw,2021-2023,-0.6654386336075158,-0.07664032280448052,0.19636983621545634,-0.4142782933165656,-0.5464302661470845,False
252,0.3,liquidas,2021-01-01,min_var_lw,2024,-0.5672972039258248,0.012531899680473302,0.1486382198578755,-0.16564270223460276,-0.43513124012543775,False
252,0.3,liquidas,2021-01-01,min_var_lw,2025-2026,0.9836925865859503,0.2948968396672216,0.18268047422920872,-0.14630173984069894,1.0273194227701643,False
252,0.3,liquidas,2021-01-01,min_var_lw,total,-0.17377247794390582,0.0354945056264262,0.18498896409463259,-0.4142782933165656,-0.07664001375245329,False
252,0.3,liquidas,2021-01-01,min_cvar,2021-2023,-0.7139929177253121,-0.08483192353336644,0.19566337550855528,-0.4240738390578307,-0.5464302661470845,False
252,0.3,liquidas,2021-01-01,min_cvar,2024,-0.4269798691613672,0.032807857836048004,0.1503955756289079,-0.17005326724839176,-0.43513124012543775,True
252,0.3,liquidas,2021-01-01,min_cvar,2025-2026,0.9235609520092767,0.2874619869327337,0.18974784464736416,-0.16498191342930513,1.0273194227701643,False
252,0.3,liquidas,2021-01-01,min_cvar,total,-0.18601261740870187,0.032413406980566384,0.18690035144688036,-0.4240738390578307,-0.07664001375245329,False
252,0.3,liquidas,2021-01-01,paridad_riesgo,2021-2023,-0.6313142039961568,-0.07091406326672256,0.1969899055796604,-0.4085194151663222,-0.5464302661470845,False
252,0.3,liquidas,2021-01-01,paridad_riesgo,2024,-0.5156843893609099,0.01997933444260447,0.14914948848710052,-0.1672077269557921,-0.43513124012543775,False
252,0.3,liquidas,2021-01-01,paridad_riesgo,2025-2026,1.0264364687374607,0.3039402231646815,0.18168088025341356,-0.13085649057429405,1.0273194227701643,False
252,0.3,liquidas,2021-01-01,paridad_riesgo,total,-0.1377823040850285,0.04236047310184454,0.18512660088318733,-0.4085194151663222,-0.07664001375245329,False
252,0.3,7_sin_ETB_Nutresa,2021-01-01,igual,2021-2023,-0.7999032232076985,-0.07174419978080737,0.16403307075431597,-0.3825955910974287,-0.7999032232076985,False
252,0.3,7_sin_ETB_Nutresa,2021-01-01,igual,2024,1.2047781178268673,0.29797949995289286,0.13473142102935007,-0.09103154350164577,1.2047781178268673,False
252,0.3,7_sin_ETB_Nutresa,2021-01-01,igual,2025-2026,1.3554548377608229,0.3625446480687702,0.16827134339587482,-0.1720151117792934,1.3554548377608229,False
252,0.3,7_sin_ETB_Nutresa,2021-01-01,igual,total,0.15340634438926648,0.1006048948028857,0.16090456789687643,-0.3825955910974287,0.15340634438926648,False
252,0.3,7_sin_ETB_Nutresa,2021-01-01,min_var_muestral,2021-2023,-1.028114502959787,-0.11346459606576542,0.1711818335896965,-0.46124400478517724,-0.7999032232076985,False
252,0.3,7_sin_ETB_Nutresa,2021-01-01,min_var_muestral,2024,0.895361699645978,0.24607322844472646,0.13579832326137614,-0.0811006950310258,1.2047781178268673,False
252,0.3,7_sin_ETB_Nutresa,2021-01-01,min_var_muestral,2025-2026,0.735409436951762,0.21778317167744943,0.15432644255473071,-0.17446004471970522,1.3554548377608229,False
252,0.3,7_sin_ETB_Nutresa,2021-01-01,min_var_muestral,total,-0.2471646882379803,0.03194691693391949,0.16087740101482126,-0.46124400478517724,0.15340634438926648,False
252,0.3,7_sin_ETB_Nutresa,2021-01-01,min_var_lw,2021-2023,-0.90707349050328,-0.09171305404168151,0.1679235573483985,-0.4240939262273793,-0.7999032232076985,False
252,0.3,7_sin_ETB_Nutresa,2021-01-01,min_var_lw,2024,1.003904224423724,0.26425742604169855,0.13553480602612916,-0.08173510075050927,1.2047781178268673,False
252,0.3,7_sin_ETB_Nutresa,2021-01-01,min_var_lw,2025-2026,0.8981739627181595,0.24767569629891928,0.1531525570305544,-0.16821877416848252,1.3554548377608229,False
252,0.3,7_sin_ETB_Nutresa,2021-01-01,min_var_lw,total,-0.11073825818103182,0.05547284203687952,0.1586570685652025,-0.4240939262273793,0.15340634438926648,False
252,0.3,7_sin_ETB_Nutresa,2021-01-01,min_cvar,2021-2023,-1.0767661706335454,-0.12530459619273504,0.1752178374517808,-0.48754952853594624,-0.7999032232076985,False
252,0.3,7_sin_ETB_Nutresa,2021-01-01,min_cvar,2024,0.8006916281226588,0.23988065413775406,0.14774474600594661,-0.13003845982776163,1.2047781178268673,False
252,0.3,7_sin_ETB_Nutresa,2021-01-01,min_cvar,2025-2026,0.9027890278350077,0.26178234142192425,0.1673462106755301,-0.2205365267325985,1.3554548377608229,False
252,0.3,7_sin_ETB_Nutresa,2021-01-01,min_cvar,total,-0.21435165005207607,0.034313391016581374,0.16869688820321788,-0.48754952853594624,0.15340634438926648,False
252,0.3,7_sin_ETB_Nutresa,2021-01-01,paridad_riesgo,2021-2023,-0.8364431921507962,-0.0776135414756246,0.16438808823346265,-0.3932276974900505,-0.7999032232076985,False
252,0.3,7_sin_ETB_Nutresa,2021-01-01,paridad_riesgo,2024,1.1013457866242051,0.2797235456183216,0.13447116875889942,-0.08909734682851567,1.2047781178268673,False
252,0.3,7_sin_ETB_Nutresa,2021-01-01,paridad_riesgo,2025-2026,1.1072119295794698,0.2943345227131926,0.15809577931764138,-0.16496411237918573,1.3554548377608229,False
252,0.3,7_sin_ETB_Nutresa,2021-01-01,paridad_riesgo,total,0.02139041229182258,0.07792327192589688,0.15795872257719804,-0.3932276974900505,0.15340634438926648,False
252,0.5,9_empresas,2021-01-01,igual,2021-2023,-0.6287861871053464,-0.040147750183870956,0.15720280026052338,-0.3561760514318406,-0.6287861871053464,False
252,0.5,9_empresas,2021-01-01,igual,2024,1.3162607886834476,0.2957708430940895,0.12065391641793542,-0.07493064937934868,1.3162607886834476,False
252,0.5,9_empresas,2021-01-01,igual,2025-2026,1.9872688145425372,0.49318610745787517,0.16027079316111068,-0.12331430187439918,1.9872688145425372,False
252,0.5,9_empresas,2021-01-01,igual,total,0.4430656679761936,0.15041414063662595,0.15282146565877056,-0.3561760514318406,0.4430656679761936,False
252,0.5,9_empresas,2021-01-01,min_var_muestral,2021-2023,-1.148096219232029,-0.11964244202132401,0.1608001554145118,-0.47646296543979494,-0.6287861871053464,False
252,0.5,9_empresas,2021-01-01,min_var_muestral,2024,1.2026814015496539,0.3031276984226352,0.13867200945284136,-0.06480020693718125,1.3162607886834476,False
252,0.5,9_empresas,2021-01-01,min_var_muestral,2025-2026,1.4617881703274205,0.36365105741791104,0.15518081035112147,-0.09806820104284808,1.9872688145425372,False
252,0.5,9_empresas,2021-01-01,min_var_muestral,total,-0.022227809903353542,0.07088499046030261,0.15597116340146935,-0.47646296543979494,0.4430656679761936,False
252,0.5,9_empresas,2021-01-01,min_var_lw,2021-2023,-0.8368799060910009,-0.06858899063734203,0.1545220614723509,-0.3874403361513209,-0.6287861871053464,False
252,0.5,9_empresas,2021-01-01,min_var_lw,2024,1.3345940476626659,0.31777970324626037,0.13276704775463186,-0.06580957686060052,1.3162607886834476,True
252,0.5,9_empresas,2021-01-01,min_var_lw,2025-2026,1.5994039617850877,0.3879628729983853,0.1526631074686023,-0.09749517041075895,1.9872688145425372,False
252,0.5,9_empresas,2021-01-01,min_var_lw,total,0.21859478155315354,0.11148713031436297,0.1507791520420382,-0.3874403361513209,0.4430656679761936,False
252,0.5,9_empresas,2021-01-01,min_cvar,2021-2023,-0.9211597766172898,-0.09946944083078524,0.17361924665251458,-0.44979512529978094,-0.6287861871053464,False
252,0.5,9_empresas,2021-01-01,min_cvar,2024,0.5390519470678713,0.18702421087541188,0.13521966087866044,-0.08150216383244735,1.3162607886834476,False
252,0.5,9_empresas,2021-01-01,min_cvar,2025-2026,1.5497988397785307,0.4153320558641955,0.17216642570531016,-0.10391913856519841,1.9872688145425372,False
252,0.5,9_empresas,2021-01-01,min_cvar,total,0.029963350294475267,0.07804670979905248,0.16749467718929162,-0.44979512529978094,0.4430656679761936,False
252,0.5,9_empresas,2021-01-01,paridad_riesgo,2021-2023,-0.7216876007032796,-0.052275495580541786,0.15503403460999066,-0.3698841529940162,-0.6287861871053464,False
252,0.5,9_empresas,2021-01-01,paridad_riesgo,2024,1.3791419092057515,0.31258022005745745,0.12488735375779511,-0.07070543874556612,1.3162607886834476,True
252,0.5,9_empresas,2021-01-01,paridad_riesgo,2025-2026,1.8256239979139466,0.43989990299768467,0.15400371339114227,-0.10748511920244397,1.9872688145425372,False
252,0.5,9_empresas,2021-01-01,paridad_riesgo,total,0.34724469403218444,0.13313607695018925,0.1503038272689363,-0.3698841529940162,0.4430656679761936,False
252,0.5,liquidas,2021-01-01,igual,2021-2023,-0.5464302661470845,-0.05536912900711277,0.19719135082568667,-0.39516457370115454,-0.5464302661470845,False
252,0.5,liquidas,2021-01-01,igual,2024,-0.43513124012543775,0.031831858755735576,0.14991474566728177,-0.16437372954064078,-0.43513124012543775,False
252,0.5,liquidas,2021-01-01,igual,2025-2026,1.0273194227701643,0.3053323052888701,0.18275355885446162,-0.1222195423269461,1.0273194227701643,False
252,0.5,liquidas,2021-01-01,igual,total,-0.07664001375245329,0.05409000023761168,0.18563455589392253,-0.39516457370115454,-0.07664001375245329,False
252,0.5,liquidas,2021-01-01,min_var_muestral,2021-2023,-0.8977658244821,-0.12892379387879305,0.2076947005332372,-0.4991205483177823,-0.5464302661470845,False
252,0.5,liquidas,2021-01-01,min_var_muestral,2024,-0.6537914517793832,-0.002897636597808173,0.15177227006895308,-0.16913555697302507,-0.43513124012543775,False
252,0.5,liquidas,2021-01-01,min_var_muestral,2025-2026,0.9498018341716788,0.29056611326146076,0.1864013842329871,-0.15297842624747104,1.0273194227701643,False
252,0.5,liquidas,2021-01-01,min_var_muestral,total,-0.33847470826242887,8.643529734109201e-05,0.19301645477396645,-0.4991205483177823,-0.07664001375245329,False
252,0.5,liquidas,2021-01-01,min_var_lw,2021-2023,-0.7719562577137633,-0.10180434952752127,0.20318936085057906,-0.4517838054033404,-0.5464302661470845,False
252,0.5,liquidas,2021-01-01,min_var_lw,2024,-0.5946838101253288,0.007352472115960573,0.15007424018558213,-0.1666276990605574,-0.43513124012543775,False
252,0.5,liquidas,2021-01-01,min_var_lw,2025-2026,0.9673159596625387,0.2940193994097633,0.1856392420038467,-0.14870119923342495,1.0273194227701643,False
252,0.5,liquidas,2021-01-01,min_var_lw,total,-0.24760894081664314,0.019208816005485074,0.18994850872186514,-0.4517838054033404,-0.07664001375245329,False
252,0.5,liquidas,2021-01-01,min_cvar,2021-2023,-0.9529132631792622,-0.13715856546707628,0.20601791420511084,-0.5192822488262303,-0.5464302661470845,False
252,0.5,liquidas,2021-01-01,min_cvar,2024,-0.5197793984965148,0.013628307616893265,0.15753007251709375,-0.1821943608307447,-0.43513124012543775,False
252,0.5,liquidas,2021-01-01,min_cvar,2025-2026,0.8657148930912921,0.281395981372891,0.1990544045968131,-0.18399813262957865,1.0273194227701643,False
252,0.5,liquidas,2021-01-01,min_cvar,total,-0.35091897583323917,-0.004189571586729834,0.19651054897456172,-0.5192822488262303,-0.07664001375245329,False
252,0.5,liquidas,2021-01-01,paridad_riesgo,2021-2023,-0.6324541354003762,-0.07146449332700922,0.1974325974222749,-0.40826452048475936,-0.5464302661470845,False
252,0.5,liquidas,2021-01-01,paridad_riesgo,2024,-0.5057173659180373,0.02137519932497356,0.14933050466135858,-0.16564854745948,-0.43513124012543775,False
252,0.5,liquidas,2021-01-01,paridad_riesgo,2025-2026,1.0259590271210375,0.3039304247797865,0.18177543398118964,-0.13109867462706382,1.0273194227701643,False
252,0.5,liquidas,2021-01-01,paridad_riesgo,total,-0.13768105432954422,0.042276844348530185,0.18543101992691607,-0.40826452048475936,-0.07664001375245329,False
252,0.5,7_sin_ETB_Nutresa,2021-01-01,igual,2021-2023,-0.7999032235133842,-0.07174419981514335,0.16403307074068882,-0.38259559114041497,-0.7999032235133842,False
252,0.5,7_sin_ETB_Nutresa,2021-01-01,igual,2024,1.2047781196319123,0.2979795002926704,0.134731421047058,-0.09103154347820086,1.2047781196319123,False
252,0.5,7_sin_ETB_Nutresa,2021-01-01,igual,2025-2026,1.3554548373457245,0.36254464797078634,0.16827134339403182,-0.1720151118689056,1.3554548373457245,False
252,0.5,7_sin_ETB_Nutresa,2021-01-01,igual,total,0.15340634441960557,0.1006048948083278,0.1609045678916364,-0.38259559114041497,0.15340634441960557,False
252,0.5,7_sin_ETB_Nutresa,2021-01-01,min_var_muestral,2021-2023,-1.0278835733037872,-0.11408955476854044,0.17180402304017062,-0.4629282974633073,-0.7999032235133842,False
252,0.5,7_sin_ETB_Nutresa,2021-01-01,min_var_muestral,2024,0.9048704782790541,0.24785642974754651,0.1359808835864308,-0.07914624051664165,1.2047781196319123,False
252,0.5,7_sin_ETB_Nutresa,2021-01-01,min_var_muestral,2025-2026,0.7354083487992783,0.21778298965381837,0.15432647424274645,-0.17446012705383573,1.3554548373457245,False
252,0.5,7_sin_ETB_Nutresa,2021-01-01,min_var_muestral,total,-0.24699174113978128,0.03181552408042343,0.16126021081643507,-0.4629282974633073,0.15340634441960557,False
252,0.5,7_sin_ETB_Nutresa,2021-01-01,min_var_lw,2021-2023,-0.9070725848439094,-0.09171294118583706,0.16792358357732778,-0.4240940585417864,-0.7999032235133842,False
252,0.5,7_sin_ETB_Nutresa,2021-01-01,min_var_lw,2024,1.0039083208037713,0.2642584404812789,0.13553509197480496,-0.08173552804822626,1.2047781196319123,False
252,0.5,7_sin_ETB_Nutresa,2021-01-01,min_var_lw,2025-2026,0.8981717450485416,0.24767534427513094,0.15315263358945116,-0.16821936791897119,1.3554548373457245,False
252,0.5,7_sin_ETB_Nutresa,2021-01-01,min_var_lw,total,-0.1107373428396505,0.05547297303886434,0.1586571474190768,-0.4240940585417864,0.15340634441960557,False
252,0.5,7_sin_ETB_Nutresa,2021-01-01,min_cvar,2021-2023,-1.0817501775150857,-0.1259438945548077,0.1751057543157577,-0.48626154328721494,-0.7999032235133842,False
252,0.5,7_sin_ETB_Nutresa,2021-01-01,min_cvar,2024,0.775127140276876,0.23558076822173146,0.14821970511198193,-0.1317206233776087,1.2047781196319123,False
252,0.5,7_sin_ETB_Nutresa,2021-01-01,min_cvar,2025-2026,0.8824361626337197,0.2577276551040597,0.16760668567607448,-0.2205365267325986,1.3554548373457245,False
252,0.5,7_sin_ETB_Nutresa,2021-01-01,min_cvar,total,-0.22563388108769958,0.03231458805446108,0.16877716348344407,-0.48626154328721494,0.15340634441960557,False
252,0.5,7_sin_ETB_Nutresa,2021-01-01,paridad_riesgo,2021-2023,-0.8364433181728995,-0.07761355440310169,0.16438808149778425,-0.3932277418580613,-0.7999032235133842,False
252,0.5,7_sin_ETB_Nutresa,2021-01-01,paridad_riesgo,2024,1.1013452293972206,0.27972345072950966,0.1344711694654536,-0.08909737207372559,1.2047781196319123,False
252,0.5,7_sin_ETB_Nutresa,2021-01-01,paridad_riesgo,2025-2026,1.1072115993701888,0.2943344653871376,0.15809578762027662,-0.16496413128794885,1.3554548373457245,False
252,0.5,7_sin_ETB_Nutresa,2021-01-01,paridad_riesgo,total,0.021390200093374098,0.077923236004098,0.15795872127564428,-0.3932277418580613,0.15340634441960557,False
504,0.2,9_empresas,2022-01-03,igual,2021-2023,-0.8618972433118618,-0.06748840844897375,0.17473257030674333,-0.35617605143184106,-0.8618972433118618,False
504,0.2,9_empresas,2022-01-03,igual,2024,1.3162607886834476,0.2957708430940895,0.12065391641793542,-0.07493064937934868,1.3162607886834476,False
504,0.2,9_empresas,2022-01-03,igual,2025-2026,1.9872688145425372,0.49318610745787517,0.16027079316111068,-0.12331430187439918,1.9872688145425372,False
504,0.2,9_empresas,2022-01-03,igual,total,0.5097635036997182,0.1817141485972793,0.15988018907622817,-0.35617605143184106,0.5097635036997182,False
504,0.2,9_empresas,2022-01-03,min_var_muestral,2021-2023,-1.2376119198844555,-0.13617881860047587,0.18239853093927053,-0.460922089428886,-0.8618972433118618,False
504,0.2,9_empresas,2022-01-03,min_var_muestral,2024,1.361220666913163,0.3209864014880268,0.13189930435744016,-0.07279575721338027,1.3162607886834476,True
504,0.2,9_empresas,2022-01-03,min_var_muestral,2025-2026,1.523440964109289,0.3696501853120062,0.1514030573028896,-0.10432707820159803,1.9872688145425372,False
504,0.2,9_empresas,2022-01-03,min_var_muestral,total,0.13675323521976765,0.11326570483770548,0.16242112446848211,-0.460922089428886,0.5097635036997182,False
504,0.2,9_empresas,2022-01-03,min_var_lw,2021-2023,-1.0178461478123864,-0.09612455306351275,0.17803899405857337,-0.3992467187826073,-0.8618972433118618,False
504,0.2,9_empresas,2022-01-03,min_var_lw,2024,1.3494823630058226,0.30948733488182945,0.12599454069907837,-0.07284645439138349,1.3162607886834476,True
504,0.2,9_empresas,2022-01-03,min_var_lw,2025-2026,1.69871928651792,0.40804004861795407,0.152135859328478,-0.10454210988738932,1.9872688145425372,False
504,0.2,9_empresas,2022-01-03,min_var_lw,total,0.3092594427232845,0.14438967680192527,0.1594811749541686,-0.3992467187826073,0.5097635036997182,False
504,0.2,9_empresas,2022-01-03,min_cvar,2021-2023,-1.0088247585208965,-0.11783640067699375,0.19972955369409212,-0.4536580101002967,-0.8618972433118618,False
504,0.2,9_empresas,2022-01-03,min_cvar,2024,1.2852704758042888,0.31745030074402836,0.13825938631272383,-0.07456271216887178,1.3162607886834476,False
504,0.2,9_empresas,2022-01-03,min_cvar,2025-2026,1.410291204434314,0.3375855561604051,0.14620130693213146,-0.11998194453663158,1.9872688145425372,False
504,0.2,9_empresas,2022-01-03,min_cvar,total,0.13874990584325675,0.11340567451175687,0.17037207992220546,-0.4536580101002967,0.5097635036997182,False
504,0.2,9_empresas,2022-01-03,paridad_riesgo,2021-2023,-0.9297438406132963,-0.07885586808302014,0.17510166064428767,-0.37372747007137597,-0.8618972433118618,False
504,0.2,9_empresas,2022-01-03,paridad_riesgo,2024,1.336896380926269,0.3014478905321425,0.12221358608664416,-0.0738322361405428,1.3162607886834476,True
504,0.2,9_empresas,2022-01-03,paridad_riesgo,2025-2026,1.8985021860866198,0.4586872835113567,0.15499670040887803,-0.11145633452970571,1.9872688145425372,False
504,0.2,9_empresas,2022-01-03,paridad_riesgo,total,0.4329177352917841,0.16683214969145643,0.15844162580952004,-0.37372747007137597,0.5097635036997182,False
504,0.2,7_sin_ETB_Nutresa,2022-01-03,igual,2021-2023,-1.0677725552608386,-0.10662717822461643,0.18029846341909272,-0.3825955911411556,-1.0677725552608386,False
504,0.2,7_sin_ETB_Nutresa,2022-01-03,igual,2024,1.2047781196324099,0.2979795002924901,0.13473142104686686,-0.09103154347801912,1.2047781196324099,False
504,0.2,7_sin_ETB_Nutresa,2022-01-03,igual,2025-2026,1.3554548373456698,0.3625446479700192,0.16827134339356592,-0.17201511186838747,1.3554548373456698,False
504,0.2,7_sin_ETB_Nutresa,2022-01-03,igual,total,0.1912551899759023,0.12331794001336926,0.1675937502261106,-0.3825955911411556,0.1912551899759023,False
504,0.2,7_sin_ETB_Nutresa,2022-01-03,min_var_muestral,2021-2023,-1.305933402609767,-0.1537597761183137,0.18789511986699897,-0.4503051895380681,-1.0677725552608386,False
504,0.2,7_sin_ETB_Nutresa,2022-01-03,min_var_muestral,2024,1.1876318672926092,0.3055081231135408,0.14245271430606757,-0.09098498030675373,1.2047781196324099,False
504,0.2,7_sin_ETB_Nutresa,2022-01-03,min_var_muestral,2025-2026,0.8438966789312514,0.24087210901868294,0.15727229621398867,-0.14445508758543857,1.3554548373456698,False
504,0.2,7_sin_ETB_Nutresa,2022-01-03,min_var_muestral,total,-0.13752482397080004,0.06275905160616957,0.16875618639451176,-0.4503051895380681,0.1912551899759023,False
504,0.2,7_sin_ETB_Nutresa,2022-01-03,min_var_lw,2021-2023,-1.2100912968904685,-0.13673735089912142,0.18653152458422245,-0.4258546884940443,-1.0677725552608386,False
504,0.2,7_sin_ETB_Nutresa,2022-01-03,min_var_lw,2024,1.1946942952949293,0.303429514418722,0.13998440880455593,-0.09116583631318387,1.2047781196324099,False
504,0.2,7_sin_ETB_Nutresa,2022-01-03,min_var_lw,2025-2026,0.9797417509724518,0.2670037992763088,0.15663631753667565,-0.1480875575057239,1.3554548373456698,False
504,0.2,7_sin_ETB_Nutresa,2022-01-03,min_var_lw,total,-0.0462816704212062,0.07955102586016571,0.16743063762026242,-0.4258546884940443,0.1912551899759023,False
504,0.2,7_sin_ETB_Nutresa,2022-01-03,min_cvar,2021-2023,-1.392138620771041,-0.16969563901563856,0.18967088952066177,-0.4765572135571704,-1.0677725552608386,False
504,0.2,7_sin_ETB_Nutresa,2022-01-03,min_cvar,2024,1.197512571727814,0.31185909944725876,0.14572467701967087,-0.0947372823286855,1.2047781196324099,False
504,0.2,7_sin_ETB_Nutresa,2022-01-03,min_cvar,2025-2026,0.9236342406523882,0.26294201243908333,0.1638973293065036,-0.17868123857729756,1.3554548373456698,False
504,0.2,7_sin_ETB_Nutresa,2022-01-03,min_cvar,total,-0.13645306264226037,0.06175249739197497,0.17247367528732702,-0.4765572135571704,0.1912551899759023,False
504,0.2,7_sin_ETB_Nutresa,2022-01-03,paridad_riesgo,2021-2023,-1.1063915686504813,-0.11470848146850687,0.18196242434254473,-0.39302998652415055,-1.0677725552608386,False
504,0.2,7_sin_ETB_Nutresa,2022-01-03,paridad_riesgo,2024,1.1978757753236435,0.2987401951502131,0.13616013195677187,-0.09087677433846209,1.2047781196324099,False
504,0.2,7_sin_ETB_Nutresa,2022-01-03,paridad_riesgo,2025-2026,1.1733469687067084,0.31006206927382096,0.15969344913050992,-0.15860332038222624,1.3554548373456698,False
504,0.2,7_sin_ETB_Nutresa,2022-01-03,paridad_riesgo,total,0.08433518076264707,0.10356309080090442,0.16558979045708608,-0.39302998652415055,0.1912551899759023,False
504,0.3,9_empresas,2022-01-03,igual,2021-2023,-0.8618972433118618,-0.06748840844897375,0.17473257030674333,-0.35617605143184106,-0.8618972433118618,False
504,0.3,9_empresas,2022-01-03,igual,2024,1.3162607886834476,0.2957708430940895,0.12065391641793542,-0.07493064937934868,1.3162607886834476,False
504,0.3,9_empresas,2022-01-03,igual,2025-2026,1.9872688145425372,0.49318610745787517,0.16027079316111068,-0.12331430187439918,1.9872688145425372,False
504,0.3,9_empresas,2022-01-03,igual,total,0.5097635036997182,0.1817141485972793,0.15988018907622817,-0.35617605143184106,0.5097635036997182,False
504,0.3,9_empresas,2022-01-03,min_var_muestral,2021-2023,-1.225567928799206,-0.13759353580299383,0.18511748943839426,-0.4675043153083658,-0.8618972433118618,False
504,0.3,9_empresas,2022-01-03,min_var_muestral,2024,1.3560285675842347,0.320216515318106,0.13198146464453467,-0.0727957572133805,1.3162607886834476,True
504,0.3,9_empresas,2022-01-03,min_var_muestral,2025-2026,1.5157097942138265,0.36771601779418717,0.15122344552271974,-0.10432707820159881,1.9872688145425372,False
504,0.3,9_empresas,2022-01-03,min_var_muestral,total,0.12879083998083965,0.11178080527947332,0.16370133509688145,-0.4675043153083658,0.5097635036997182,False
504,0.3,9_empresas,2022-01-03,min_var_lw,2021-2023,-1.0205887418192268,-0.09644290054120719,0.17792472340721333,-0.3992467187826064,-0.8618972433118618,False
504,0.3,9_empresas,2022-01-03,min_var_lw,2024,1.3494823630058226,0.30948733488182945,0.12599454069907837,-0.07284645439138349,1.3162607886834476,True
504,0.3,9_empresas,2022-01-03,min_var_lw,2025-2026,1.69871928651792,0.40804004861795407,0.152135859328478,-0.10454210988738932,1.9872688145425372,False
504,0.3,9_empresas,2022-01-03,min_var_lw,total,0.3083566569292583,0.14421514665121649,0.15942694285756415,-0.3992467187826064,0.5097635036997182,False
504,0.3,9_empresas,2022-01-03,min_cvar,2021-2023,-1.0541763556251353,-0.12994497448013143,0.20349673143339556,-0.47218991778134833,-0.8618972433118618,False
504,0.3,9_empresas,2022-01-03,min_cvar,2024,1.2445817523391705,0.31264340165745463,0.14004327770057212,-0.07481314214773571,1.3162607886834476,False
504,0.3,9_empresas,2022-01-03,min_cvar,2025-2026,1.412435255335043,0.33839473793207886,0.14643324440299546,-0.1192241663967355,1.9872688145425372,False
504,0.3,9_empresas,2022-01-03,min_cvar,total,0.10135148311711721,0.10614141864972715,0.17269184689668568,-0.47218991778134833,0.5097635036997182,False
504,0.3,9_empresas,2022-01-03,paridad_riesgo,2021-2023,-0.9297438406132963,-0.07885586808302014,0.17510166064428767,-0.37372747007137597,-0.8618972433118618,False
504,0.3,9_empresas,2022-01-03,paridad_riesgo,2024,1.336896247695378,0.30144786901048803,0.12221358586548428,-0.0738322361405428,1.3162607886834476,True
504,0.3,9_empresas,2022-01-03,paridad_riesgo,2025-2026,1.8985021620621298,0.458687293903957,0.15499670662444176,-0.1114563345297056,1.9872688145425372,False
504,0.3,9_empresas,2022-01-03,paridad_riesgo,total,0.4329177253701652,0.16683214854330863,0.1584416279337291,-0.37372747007137597,0.5097635036997182,False
504,0.3,liquidas,2022-01-03,igual,2021-2023,-0.7587140272451062,-0.08617602369736521,0.21485620356333368,-0.3951645737011551,-0.7587140272451062,False
504,0.3,liquidas,2022-01-03,igual,2024,-0.43513124012543775,0.031831858755735576,0.14991474566728177,-0.16437372954064078,-0.43513124012543775,False
504,0.3,liquidas,2022-01-03,igual,2025-2026,1.0273194227701643,0.3053323052888701,0.18275355885446162,-0.1222195423269461,1.0273194227701643,False
504,0.3,liquidas,2022-01-03,igual,total,-0.09303942702307812,0.06412054765456698,0.19143662778927956,-0.3951645737011551,-0.09303942702307812,False
504,0.3,liquidas,2022-01-03,min_var_muestral,2021-2023,-0.9420813497939994,-0.12224162719713239,0.2155916946888309,-0.42731450987639785,-0.7587140272451062,False
504,0.3,liquidas,2022-01-03,min_var_muestral,2024,-0.39925416189951257,0.033033504204623254,0.15753193520439582,-0.18031586537264443,-0.43513124012543775,True
504,0.3,liquidas,2022-01-03,min_var_muestral,2025-2026,0.9712889011267201,0.291993118713767,0.18272281855587505,-0.13450061573718408,1.0273194227701643,False
504,0.3,liquidas,2022-01-03,min_var_muestral,total,-0.1983798276912028,0.04218356676680002,0.19311185228276623,-0.42731450987639785,-0.09303942702307812,False
504,0.3,liquidas,2022-01-03,min_var_lw,2021-2023,-0.9255878772547697,-0.11939452641759651,0.21587095594485184,-0.4235384429729565,-0.7587140272451062,False
504,0.3,liquidas,2022-01-03,min_var_lw,2024,-0.4041208743569604,0.03281676421582791,0.1565398991771528,-0.17839629667309664,-0.43513124012543775,True
504,0.3,liquidas,2022-01-03,min_var_lw,2025-2026,0.9706893063390201,0.2915776997142716,0.1824526912655705,-0.1335304600093583,1.0273194227701643,False
504,0.3,liquidas,2022-01-03,min_var_lw,total,-0.19220562373702268,0.04348032717689021,0.19298010131516463,-0.4235384429729565,-0.09303942702307812,False
504,0.3,liquidas,2022-01-03,min_cvar,2021-2023,-0.981078842914166,-0.12835594548385743,0.21440687098975322,-0.43374066463769123,-0.7587140272451062,False
504,0.3,liquidas,2022-01-03,min_cvar,2024,-0.42640988366207677,0.028960376690627454,0.15696846950366028,-0.18873535541460695,-0.43513124012543775,True
504,0.3,liquidas,2022-01-03,min_cvar,2025-2026,0.889810022369476,0.27670274205291,0.18692665528916963,-0.1468654994039008,1.0273194227701643,False
504,0.3,liquidas,2022-01-03,min_cvar,total,-0.23860975556552794,0.03378812119500929,0.19386150604823482,-0.43374066463769123,-0.09303942702307812,False
504,0.3,liquidas,2022-01-03,paridad_riesgo,2021-2023,-0.8351975745972142,-0.10113632709994891,0.21492807921794466,-0.409155647030485,-0.7587140272451062,False
504,0.3,liquidas,2022-01-03,paridad_riesgo,2024,-0.43614555781810765,0.030071110285517122,0.1525613370400138,-0.17054710563620257,-0.43513124012543775,False
504,0.3,liquidas,2022-01-03,paridad_riesgo,2025-2026,1.0000189469942755,0.29862604956481476,0.18255921094009075,-0.12716448939987457,1.0273194227701643,False
504,0.3,liquidas,2022-01-03,paridad_riesgo,total,-0.14106999062017206,0.054231575825554934,0.1918627050492449,-0.409155647030485,-0.09303942702307812,False
504,0.3,7_sin_ETB_Nutresa,2022-01-03,igual,2021-2023,-1.0677725549301533,-0.10662717818733158,0.1802984634333517,-0.3825955910974288,-1.0677725549301533,False
504,0.3,7_sin_ETB_Nutresa,2022-01-03,igual,2024,1.2047781178268673,0.29797949995289286,0.13473142102935007,-0.09103154350164577,1.2047781178268673,False
504,0.3,7_sin_ETB_Nutresa,2022-01-03,igual,2025-2026,1.3554548377608229,0.3625446480687702,0.16827134339587482,-0.1720151117792934,1.3554548377608229,False
504,0.3,7_sin_ETB_Nutresa,2022-01-03,igual,total,0.19125518990526943,0.12331794000014407,0.1675937502304151,-0.3825955910974288,0.19125518990526943,False
504,0.3,7_sin_ETB_Nutresa,2022-01-03,min_var_muestral,2021-2023,-1.2596383456962235,-0.15203785400811143,0.19252195568205605,-0.4560479346304587,-1.0677725549301533,False
504,0.3,7_sin_ETB_Nutresa,2022-01-03,min_var_muestral,2024,1.1927354014404088,0.30727225716846296,0.1430483245848335,-0.09114565663314889,1.2047781178268673,False
504,0.3,7_sin_ETB_Nutresa,2022-01-03,min_var_muestral,2025-2026,0.8325714450580212,0.23881577559874767,0.15745215765220485,-0.14468001987217405,1.3554548377608229,False
504,0.3,7_sin_ETB_Nutresa,2022-01-03,min_var_muestral,total,-0.1299547557353588,0.0633740779210532,0.17115355412907515,-0.4560479346304587,0.19125518990526943,False
504,0.3,7_sin_ETB_Nutresa,2022-01-03,min_var_lw,2021-2023,-1.1804493333557935,-0.13469374142979018,0.18885838167847366,-0.4276205085194702,-1.0677725549301533,False
504,0.3,7_sin_ETB_Nutresa,2022-01-03,min_var_lw,2024,1.203806519742351,0.30510515626164136,0.139995233986697,-0.09117056657145195,1.2047781178268673,False
504,0.3,7_sin_ETB_Nutresa,2022-01-03,min_var_lw,2025-2026,0.978530824915155,0.2665748229788836,0.15645425400580687,-0.14822383246584037,1.3554548377608229,False
504,0.3,7_sin_ETB_Nutresa,2022-01-03,min_var_lw,total,-0.038010848496846876,0.0808217931803683,0.1684915256344943,-0.4276205085194702,0.19125518990526943,False
504,0.3,7_sin_ETB_Nutresa,2022-01-03,min_cvar,2021-2023,-1.341475574113987,-0.168669583109486,0.19514421699750525,-0.48065081510739216,-1.0677725549301533,False
504,0.3,7_sin_ETB_Nutresa,2022-01-03,min_cvar,2024,1.0744946946927654,0.29455106811076326,0.1507124052516729,-0.09945406898363973,1.2047781178268673,False
504,0.3,7_sin_ETB_Nutresa,2022-01-03,min_cvar,2025-2026,0.9518252897143482,0.2746925443515287,0.16981202042440907,-0.17559229580078006,1.3554548377608229,False
504,0.3,7_sin_ETB_Nutresa,2022-01-03,min_cvar,total,-0.1212648200615971,0.06281449786793725,0.1779580746582979,-0.48065081510739216,0.19125518990526943,False
504,0.3,7_sin_ETB_Nutresa,2022-01-03,paridad_riesgo,2021-2023,-1.1063913136998258,-0.11470843733941827,0.18196242165641885,-0.39302991886234717,-1.0677725549301533,False
504,0.3,7_sin_ETB_Nutresa,2022-01-03,paridad_riesgo,2024,1.197875564293515,0.2987401512101868,0.13616012707804187,-0.09087676623195007,1.2047781178268673,False
504,0.3,7_sin_ETB_Nutresa,2022-01-03,paridad_riesgo,2025-2026,1.1733470833013453,0.3100621125239671,0.15969346358663863,-0.15860331795750782,1.3554548377608229,False
504,0.3,7_sin_ETB_Nutresa,2022-01-03,paridad_riesgo,total,0.08433533979510544,0.10356311961385933,0.16558979318073577,-0.39302991886234717,0.19125518990526943,False
504,0.5,9_empresas,2022-01-03,igual,2021-2023,-0.8618972433118618,-0.06748840844897375,0.17473257030674333,-0.35617605143184106,-0.8618972433118618,False
504,0.5,9_empresas,2022-01-03,igual,2024,1.3162607886834476,0.2957708430940895,0.12065391641793542,-0.07493064937934868,1.3162607886834476,False
504,0.5,9_empresas,2022-01-03,igual,2025-2026,1.9872688145425372,0.49318610745787517,0.16027079316111068,-0.12331430187439918,1.9872688145425372,False
504,0.5,9_empresas,2022-01-03,igual,total,0.5097635036997182,0.1817141485972793,0.15988018907622817,-0.35617605143184106,0.5097635036997182,False
504,0.5,9_empresas,2022-01-03,min_var_muestral,2021-2023,-1.225567928799206,-0.13759353580299383,0.18511748943839426,-0.4675043153083658,-0.8618972433118618,False
504,0.5,9_empresas,2022-01-03,min_var_muestral,2024,1.3560285675842347,0.320216515318106,0.13198146464453467,-0.0727957572133805,1.3162607886834476,True
504,0.5,9_empresas,2022-01-03,min_var_muestral,2025-2026,1.5157097942138265,0.36771601779418717,0.15122344552271974,-0.10432707820159881,1.9872688145425372,False
504,0.5,9_empresas,2022-01-03,min_var_muestral,total,0.12879083998083965,0.11178080527947332,0.16370133509688145,-0.4675043153083658,0.5097635036997182,False
504,0.5,9_empresas,2022-01-03,min_var_lw,2021-2023,-1.0205887418192268,-0.09644290054120719,0.17792472340721333,-0.3992467187826064,-0.8618972433118618,False
504,0.5,9_empresas,2022-01-03,min_var_lw,2024,1.3494823630058226,0.30948733488182945,0.12599454069907837,-0.07284645439138349,1.3162607886834476,True
504,0.5,9_empresas,2022-01-03,min_var_lw,2025-2026,1.69871928651792,0.40804004861795407,0.152135859328478,-0.10454210988738932,1.9872688145425372,False
504,0.5,9_empresas,2022-01-03,min_var_lw,total,0.3083566569292583,0.14421514665121649,0.15942694285756415,-0.3992467187826064,0.5097635036997182,False
504,0.5,9_empresas,2022-01-03,min_cvar,2021-2023,-1.0541763556251353,-0.12994497448013143,0.20349673143339556,-0.47218991778134833,-0.8618972433118618,False
504,0.5,9_empresas,2022-01-03,min_cvar,2024,1.2445817523391705,0.31264340165745463,0.14004327770057212,-0.07481314214773571,1.3162607886834476,False
504,0.5,9_empresas,2022-01-03,min_cvar,2025-2026,1.412435255335043,0.33839473793207886,0.14643324440299546,-0.1192241663967355,1.9872688145425372,False
504,0.5,9_empresas,2022-01-03,min_cvar,total,0.10135148311711721,0.10614141864972715,0.17269184689668568,-0.47218991778134833,0.5097635036997182,False
504,0.5,9_empresas,2022-01-03,paridad_riesgo,2021-2023,-0.9297438406132963,-0.07885586808302014,0.17510166064428767,-0.37372747007137597,-0.8618972433118618,False
504,0.5,9_empresas,2022-01-03,paridad_riesgo,2024,1.336896247695378,0.30144786901048803,0.12221358586548428,-0.0738322361405428,1.3162607886834476,True
504,0.5,9_empresas,2022-01-03,paridad_riesgo,2025-2026,1.8985021620621298,0.458687293903957,0.15499670662444176,-0.1114563345297056,1.9872688145425372,False
504,0.5,9_empresas,2022-01-03,paridad_riesgo,total,0.4329177253701652,0.16683214854330863,0.1584416279337291,-0.37372747007137597,0.5097635036997182,False
504,0.5,liquidas,2022-01-03,igual,2021-2023,-0.7587140272451062,-0.08617602369736521,0.21485620356333368,-0.3951645737011551,-0.7587140272451062,False
504,0.5,liquidas,2022-01-03,igual,2024,-0.43513124012543775,0.031831858755735576,0.14991474566728177,-0.16437372954064078,-0.43513124012543775,False
504,0.5,liquidas,2022-01-03,igual,2025-2026,1.0273194227701643,0.3053323052888701,0.18275355885446162,-0.1222195423269461,1.0273194227701643,False
504,0.5,liquidas,2022-01-03,igual,total,-0.09303942702307812,0.06412054765456698,0.19143662778927956,-0.3951645737011551,-0.09303942702307812,False
504,0.5,liquidas,2022-01-03,min_var_muestral,2021-2023,-1.0695357420154492,-0.1515093067429516,0.2206130700832174,-0.47720592152723185,-0.7587140272451062,False
504,0.5,liquidas,2022-01-03,min_var_muestral,2024,-0.42635944653732966,0.025391715842604246,0.16289399028041987,-0.18367036093699896,-0.43513124012543775,True
504,0.5,liquidas,2022-01-03,min_var_muestral,2025-2026,0.953498922898606,0.2899193345969098,0.1848605991655351,-0.13256070064914816,1.0273194227701643,False
504,0.5,liquidas,2022-01-03,min_var_muestral,total,-0.2755793424448264,0.024791063235984012,0.19723255263936518,-0.47720592152723185,-0.09303942702307812,False
504,0.5,liquidas,2022-01-03,min_var_lw,2021-2023,-0.9788264130006203,-0.13259528635418394,0.21891784043767626,-0.4485255061647775,-0.7587140272451062,False
504,0.5,liquidas,2022-01-03,min_var_lw,2024,-0.43096138060581907,0.027022021445231248,0.15895252527333387,-0.18026247165653908,-0.43513124012543775,True
504,0.5,liquidas,2022-01-03,min_var_lw,2025-2026,0.9606230424005074,0.29067376353449115,0.18391487917799798,-0.13206856343756546,1.0273194227701643,False
504,0.5,liquidas,2022-01-03,min_var_lw,total,-0.22840047254303472,0.03518381140170024,0.19538008233142945,-0.4485255061647775,-0.09303942702307812,False
504,0.5,liquidas,2022-01-03,min_cvar,2021-2023,-1.271344323544774,-0.1913989248067436,0.2230193119552859,-0.530180642109379,-0.7587140272451062,False
504,0.5,liquidas,2022-01-03,min_cvar,2024,-0.38439609514038214,0.030008837694758705,0.16714155862234464,-0.19601862098736533,-0.43513124012543775,True
504,0.5,liquidas,2022-01-03,min_cvar,2025-2026,0.8811395455985617,0.27497825787741426,0.18731454732615183,-0.14530070435416453,1.0273194227701643,False
504,0.5,liquidas,2022-01-03,min_cvar,total,-0.38910578282420294,0.0004611406418235653,0.20001822021660942,-0.530180642109379,-0.09303942702307812,False
504,0.5,liquidas,2022-01-03,paridad_riesgo,2021-2023,-0.8350623488069547,-0.10116501955883495,0.21498690470989576,-0.4091556340238609,-0.7587140272451062,False
504,0.5,liquidas,2022-01-03,paridad_riesgo,2024,-0.43614535259493176,0.030071134631265872,0.15256134999165524,-0.17054711112532195,-0.43513124012543775,False
504,0.5,liquidas,2022-01-03,paridad_riesgo,2025-2026,1.000018836310016,0.2986260169271495,0.18255920487638033,-0.12716450800847878,1.0273194227701643,False
504,0.5,liquidas,2022-01-03,paridad_riesgo,total,-0.14109429610055568,0.05421700122568107,0.19189123535765557,-0.4091556340238609,-0.09303942702307812,False
504,0.5,7_sin_ETB_Nutresa,2022-01-03,igual,2021-2023,-1.0677725552574187,-0.10662717822386103,0.18029846341890923,-0.38259559114041464,-1.0677725552574187,False
504,0.5,7_sin_ETB_Nutresa,2022-01-03,igual,2024,1.2047781196319123,0.2979795002926704,0.134731421047058,-0.09103154347820086,1.2047781196319123,False
504,0.5,7_sin_ETB_Nutresa,2022-01-03,igual,2025-2026,1.3554548373457245,0.36254464797078634,0.16827134339403182,-0.1720151118689056,1.3554548373457245,False
504,0.5,7_sin_ETB_Nutresa,2022-01-03,igual,total,0.19125518997943353,0.12331794001403784,0.1675937502262227,-0.38259559114041464,0.19125518997943353,False
504,0.5,7_sin_ETB_Nutresa,2022-01-03,min_var_muestral,2021-2023,-1.2596384367635725,-0.15203796269685255,0.19252203145231428,-0.4560481718773577,-1.0677725552574187,False
504,0.5,7_sin_ETB_Nutresa,2022-01-03,min_var_muestral,2024,1.192733535509611,0.3072720494700878,0.14304842708482512,-0.09114601217521379,1.2047781196319123,False
504,0.5,7_sin_ETB_Nutresa,2022-01-03,min_var_muestral,2025-2026,0.8325740249610845,0.23881627259003424,0.15745215032477308,-0.1446801693072851,1.3554548373457245,False
504,0.5,7_sin_ETB_Nutresa,2022-01-03,min_var_muestral,total,-0.12995435065238098,0.06337413435496453,0.1711536073407925,-0.4560481718773577,0.19125518997943353,False
504,0.5,7_sin_ETB_Nutresa,2022-01-03,min_var_lw,2021-2023,-1.180449956830762,-0.13469371753788495,0.18885827493463528,-0.42762025476226173,-1.0677725552574187,False
504,0.5,7_sin_ETB_Nutresa,2022-01-03,min_var_lw,2024,1.2038028062567259,0.30510435355483767,0.13999514358018691,-0.09117066950114805,1.2047781196319123,False
504,0.5,7_sin_ETB_Nutresa,2022-01-03,min_var_lw,2025-2026,0.9785289591185361,0.26657461716259934,0.15645441044523656,-0.1482241106447384,1.3554548373457245,False
504,0.5,7_sin_ETB_Nutresa,2022-01-03,min_var_lw,total,-0.038011914872641196,0.08082160265987204,0.16849150865408982,-0.42762025476226173,0.19125518997943353,False
504,0.5,7_sin_ETB_Nutresa,2022-01-03,min_cvar,2021-2023,-1.3740461091123268,-0.17542459326597626,0.19628651516866924,-0.4893032679701137,-1.0677725552574187,False
504,0.5,7_sin_ETB_Nutresa,2022-01-03,min_cvar,2024,1.073124698154803,0.2941083019596469,0.15056508555287273,-0.0994540689836394,1.2047781196319123,False
504,0.5,7_sin_ETB_Nutresa,2022-01-03,min_cvar,2025-2026,0.9518252897143482,0.2746925443515287,0.16981202042440907,-0.17559229580078006,1.3554548373457245,False
504,0.5,7_sin_ETB_Nutresa,2022-01-03,min_cvar,total,-0.14055617642756693,0.05898980181661706,0.17849260445642423,-0.4893032679701137,0.19125518997943353,False
504,0.5,7_sin_ETB_Nutresa,2022-01-03,paridad_riesgo,2021-2023,-1.1063912561102702,-0.1147084338539952,0.18196242672448468,-0.3930299103583068,-1.0677725552574187,False
504,0.5,7_sin_ETB_Nutresa,2022-01-03,paridad_riesgo,2024,1.1978753999796685,0.29874012348402057,0.13616012802462737,-0.09087677441835529,1.2047781196319123,False
504,0.5,7_sin_ETB_Nutresa,2022-01-03,paridad_riesgo,2025-2026,1.173347028423681,0.31006208296844084,0.15969345004010876,-0.15860330972993086,1.3554548373457245,False
504,0.5,7_sin_ETB_Nutresa,2022-01-03,paridad_riesgo,total,0.08433527347783201,0.1035631076617991,0.16558979106334548,-0.3930299103583068,0.19125518997943353,False
