anio,empresa,metodo,error,n,excesos,esperados,perdida_sobre_es
2021,Celsia,historica,,261,4,2.61,1.0198936207989435
2021,Celsia,ewma_normal,,261,5,2.61,1.317492865932161
2021,Celsia,garch_t,,261,2,2.61,0.8168431641582767
2021,Celsia,fhs,,261,3,2.61,0.8457839510492308
2021,Banco de Bogota,historica,,261,0,2.61,
2021,Banco de Bogota,ewma_normal,,261,4,2.61,0.960569196205918
2021,Banco de Bogota,garch_t,,261,0,2.61,
2021,Banco de Bogota,fhs,,261,0,2.61,
2021,Ecopetrol,historica,,261,1,2.61,0.9528191830002603
2021,Ecopetrol,ewma_normal,,261,6,2.61,1.1067369873937027
2021,Ecopetrol,garch_t,,261,1,2.61,0.6526585223303824
2021,Ecopetrol,fhs,,261,1,2.61,0.6529108403625916
2021,Banco Davivienda PF,historica,,261,1,2.61,1.0171750971900482
2021,Banco Davivienda PF,ewma_normal,,261,3,2.61,1.015422645684789
2021,Banco Davivienda PF,garch_t,,261,0,2.61,
2021,Banco Davivienda PF,fhs,,261,0,2.61,
2022,Celsia,historica,,260,5,2.6,1.2212998223254459
2022,Celsia,ewma_normal,,260,6,2.6,1.3093813914878238
2022,Celsia,garch_t,,260,5,2.6,0.8946198498503815
2022,Celsia,fhs,,260,2,2.6,1.0503583770887077
2022,Banco de Bogota,historica,,260,10,2.6,1.368016893995737
2022,Banco de Bogota,ewma_normal,,260,6,2.6,2.5461178048737247
2022,Banco de Bogota,garch_t,,260,7,2.6,1.2695626960811262
2022,Banco de Bogota,fhs,,260,5,2.6,1.804240532326269
2022,Ecopetrol,historica,,260,8,2.6,1.1398370514282774
2022,Ecopetrol,ewma_normal,,260,7,2.6,1.1343895681659502
2022,Ecopetrol,garch_t,,260,3,2.6,0.8085188543112126
2022,Ecopetrol,fhs,,260,1,2.6,1.099310555811054
2022,Banco Davivienda PF,historica,,260,6,2.6,1.0602892117853
2022,Banco Davivienda PF,ewma_normal,,260,4,2.6,0.9683102664967196
2022,Banco Davivienda PF,garch_t,,260,1,2.6,0.8818018561789776
2022,Banco Davivienda PF,fhs,,260,0,2.6,
2023,Celsia,historica,,257,2,2.57,0.8752064882088426
2023,Celsia,ewma_normal,,257,5,2.57,1.0570639008565095
2023,Celsia,garch_t,,257,3,2.57,0.6683237262249652
2023,Celsia,fhs,,257,0,2.57,
2023,Banco de Bogota,historica,,257,1,2.57,0.6643270520368106
2023,Banco de Bogota,ewma_normal,,257,3,2.57,1.1548939733969865
2023,Banco de Bogota,garch_t,,257,1,2.57,0.8152526014940428
2023,Banco de Bogota,fhs,,257,1,2.57,0.5764149463239457
2023,Ecopetrol,historica,,257,1,2.57,1.0040649417402199
2023,Ecopetrol,ewma_normal,,257,5,2.57,1.1632911201206886
2023,Ecopetrol,garch_t,,257,2,2.57,0.8196236136297272
2023,Ecopetrol,fhs,,257,2,2.57,0.9230337719812949
2023,Banco Davivienda PF,historica,,257,2,2.57,1.1702276685009034
2023,Banco Davivienda PF,ewma_normal,,257,7,2.57,1.1060119171285867
2023,Banco Davivienda PF,garch_t,,257,2,2.57,0.9034346966834177
2023,Banco Davivienda PF,fhs,,257,3,2.57,1.0771224376305566
2024,Celsia,historica,,250,2,2.5,1.2348211568037093
2024,Celsia,ewma_normal,,250,4,2.5,1.2390918542135712
2024,Celsia,garch_t,,250,2,2.5,0.8890466417078868
2024,Celsia,fhs,,250,2,2.5,0.9865033816351747
2024,Banco de Bogota,historica,,250,1,2.5,1.374098547918918
2024,Banco de Bogota,ewma_normal,,250,6,2.5,1.191161846424523
2024,Banco de Bogota,garch_t,,250,1,2.5,0.8380228670401431
2024,Banco de Bogota,fhs,,250,4,2.5,0.5848511073274393
2024,Ecopetrol,historica,,250,2,2.5,0.899024089059673
2024,Ecopetrol,ewma_normal,,250,8,2.5,1.055550023739148
2024,Ecopetrol,garch_t,,250,1,2.5,0.7425623392802695
2024,Ecopetrol,fhs,,250,2,2.5,0.900418910997123
2024,Banco Davivienda PF,historica,,250,2,2.5,1.3317157433080882
2024,Banco Davivienda PF,ewma_normal,,250,2,2.5,1.587030669440186
2024,Banco Davivienda PF,garch_t,,250,2,2.5,1.0344787187850146
2024,Banco Davivienda PF,fhs,,250,2,2.5,1.256656900430371
2025,Celsia,historica,,247,3,2.47,1.1875388507475313
2025,Celsia,ewma_normal,,247,5,2.47,1.1625269871205413
2025,Celsia,garch_t,,247,1,2.47,0.6524850757178869
2025,Celsia,fhs,,247,2,2.47,0.8673976999451487
2025,Banco de Bogota,historica,,247,3,2.47,1.3675780708709844
2025,Banco de Bogota,ewma_normal,,247,2,2.47,1.9990727235495247
2025,Banco de Bogota,garch_t,,247,2,2.47,0.8861655862127367
2025,Banco de Bogota,fhs,,247,2,2.47,0.9476387698934065
2025,Ecopetrol,historica,,247,3,2.47,1.1696438981848762
2025,Ecopetrol,ewma_normal,,247,4,2.47,1.09709154235095
2025,Ecopetrol,garch_t,,247,1,2.47,0.764224083045915
2025,Ecopetrol,fhs,,247,1,2.47,0.9060773008794957
2025,Banco Davivienda PF,historica,,245,7,2.45,0.909720548038179
2025,Banco Davivienda PF,ewma_normal,,245,3,2.45,1.1914144562406503
2025,Banco Davivienda PF,garch_t,,245,1,2.45,0.8924978952290126
2025,Banco Davivienda PF,fhs,,245,3,2.45,0.9071577614553913
2026,Celsia,historica,,170,2,1.7,1.259131228138707
2026,Celsia,ewma_normal,,170,3,1.7,1.2192472141082222
2026,Celsia,garch_t,,170,1,1.7,0.7214855302961076
2026,Celsia,fhs,,170,2,1.7,0.8723558243346407
2026,Banco de Bogota,historica,,167,2,1.67,1.1286664528992223
2026,Banco de Bogota,ewma_normal,,167,2,1.67,1.288148289421473
2026,Banco de Bogota,garch_t,,167,2,1.67,0.7293904312498907
2026,Banco de Bogota,fhs,,167,2,1.67,0.6334808108897239
2026,Ecopetrol,historica,,167,3,1.67,1.0242710652985478
2026,Ecopetrol,ewma_normal,,167,3,1.67,1.066309503285643
2026,Ecopetrol,garch_t,,167,1,1.67,0.8309308037436766
2026,Ecopetrol,fhs,,167,1,1.67,0.7986610516838277
2026,Banco Davivienda PF,historica,,167,7,1.67,1.0873610524561157
2026,Banco Davivienda PF,ewma_normal,,167,5,1.67,1.1072349056308215
2026,Banco Davivienda PF,garch_t,,167,5,1.67,0.9285376530134389
2026,Banco Davivienda PF,fhs,,167,2,1.67,1.0615936704891094
