empresa,iliquida_train,modelo,n,rmse_modelo,rmse_media,dm_estadistico,pvalor,pvalor_holm,mejor_que_media_holm_5pct,peor_que_media_holm_5pct
Banco Davivienda PF,False,arima,275,0.021705815703288348,0.021705811419049335,1.4277697300475631,0.15449688372520526,1.0,False,False
Banco Davivienda PF,False,random_forest,275,0.02141551309988378,0.021705811419049335,-1.110471364850602,0.2677695144098555,1.0,False,False
Banco Davivienda PF,False,gradient_boosting,275,0.02117727909111556,0.021705811419049335,-1.168998952838286,0.2434200459075194,1.0,False,False
Banco Davivienda PF,False,mlp,275,0.02160762293555871,0.021705811419049335,-1.4530992417059871,0.1473404932871394,1.0,False,False
Banco Davivienda PF,False,lstm,275,0.021558905659891502,0.021705811419049335,-1.0256067292312765,0.3059815730608087,1.0,False,False
Banco Davivienda PF,False,cero,275,0.02165989445606791,0.021705811419049335,-1.180734826497217,0.2387320147215117,1.0,False,False
Banco de Bogota,False,arima,297,0.018338027565190915,0.01833802156170549,2.0526194272018508,0.04098850643815297,1.0,False,False
Banco de Bogota,False,random_forest,297,0.017766124307721523,0.01833802156170549,-1.5532680228163183,0.12142763142537252,1.0,False,False
Banco de Bogota,False,gradient_boosting,297,0.01754955370759321,0.01833802156170549,-1.41056998015812,0.15942148244333448,1.0,False,False
Banco de Bogota,False,mlp,297,0.018123036013162574,0.01833802156170549,-2.2242214935041544,0.02688773867025384,1.0,False,False
Banco de Bogota,False,lstm,297,0.017803913011216452,0.01833802156170549,-2.3778985495941956,0.018046453556826693,0.9745084920686414,False,False
Banco de Bogota,False,cero,297,0.018278289199988654,0.01833802156170549,-1.7780569124241334,0.07642100867067675,1.0,False,False
Celsia,False,arima,330,0.015976197757818642,0.01602024263600548,-0.28698591426347714,0.7743037631216116,1.0,False,False
Celsia,False,random_forest,330,0.015815794342525693,0.01602024263600548,-0.9925804331896312,0.3216439083015241,1.0,False,False
Celsia,False,gradient_boosting,330,0.015729405852868306,0.01602024263600548,-1.0805665983065207,0.2806814051033288,1.0,False,False
Celsia,False,mlp,330,0.01598128858551582,0.01602024263600548,-0.7507474011987877,0.4533412970364836,1.0,False,False
Celsia,False,lstm,330,0.015835911642506265,0.01602024263600548,-1.2117162368830692,0.22649056682689983,1.0,False,False
Celsia,False,cero,330,0.016023406674327206,0.01602024263600548,0.43090983935272864,0.6668161083971157,1.0,False,False
ETB,True,arima,297,0.03523476912444328,0.03361272050380755,0.9931644787042884,0.32144098476221056,1.0,False,False
ETB,True,random_forest,297,0.03329012623165424,0.03361272050380755,-0.7663958850014794,0.44405154638710953,1.0,False,False
ETB,True,gradient_boosting,297,0.03317052207536754,0.03361272050380755,-0.8715886735879508,0.38413919372076,1.0,False,False
ETB,True,mlp,297,0.0334873487843864,0.03361272050380755,-0.5890840346204246,0.5562542034713726,1.0,False,False
ETB,True,lstm,297,0.03310623050345855,0.03361272050380755,-1.3150462535421388,0.18951220519717357,1.0,False,False
ETB,True,cero,297,0.033568069463361494,0.03361272050380755,-0.8234341330637462,0.4109240908794069,1.0,False,False
Ecopetrol,False,arima,297,0.02927990017527892,0.02859510301323197,1.5649482928725689,0.11866346737568445,1.0,False,False
Ecopetrol,False,random_forest,297,0.028151724081645773,0.02859510301323197,-1.2516488925662055,0.21168604715024852,1.0,False,False
Ecopetrol,False,gradient_boosting,297,0.02799560798149809,0.02859510301323197,-1.0564854283675515,0.2916079835286427,1.0,False,False
Ecopetrol,False,mlp,297,0.028409529355544277,0.02859510301323197,-0.9910431368109438,0.3224739509837235,1.0,False,False
Ecopetrol,False,lstm,297,0.028201394444716265,0.02859510301323197,-1.0435311135583787,0.2975538737253821,1.0,False,False
Ecopetrol,False,cero,297,0.02859333578728122,0.02859510301323197,-0.8195798959129593,0.4131150632923455,1.0,False,False
Grupo Bolivar,True,arima,329,0.018639485150967444,0.018639483110667945,0.739759763914436,0.4599749057673543,1.0,False,False
Grupo Bolivar,True,random_forest,329,0.01840900394446816,0.018639483110667945,-1.0769805565812842,0.2822804192216444,1.0,False,False
Grupo Bolivar,True,gradient_boosting,329,0.018236762942159018,0.018639483110667945,-1.0895897110914654,0.2766937746616255,1.0,False,False
Grupo Bolivar,True,mlp,329,0.018637759563693224,0.018639483110667945,-0.04633203337502758,0.9630738036982835,1.0,False,False
Grupo Bolivar,True,lstm,329,0.018413884970843918,0.018639483110667945,-1.4879663521290687,0.13772050609664402,1.0,False,False
Grupo Bolivar,True,cero,329,0.01863881967350612,0.018639483110667945,-0.7317450999631119,0.46484664429127476,1.0,False,False
Mineros SA,True,arima,329,0.04392187756676051,0.04448030722065201,-1.6298871141256543,0.10408526764583621,1.0,False,False
Mineros SA,True,random_forest,329,0.044082728640482974,0.04448030722065201,-1.2835939968598313,0.20019012376903816,1.0,False,False
Mineros SA,True,gradient_boosting,329,0.043975497266689145,0.04448030722065201,-1.13206743592707,0.258433015975463,1.0,False,False
Mineros SA,True,mlp,329,0.04432411693436055,0.04448030722065201,-0.8645541460670073,0.3879153783981464,1.0,False,False
Mineros SA,True,lstm,329,0.043917251756725714,0.04448030722065201,-1.3327138657795239,0.18355076052147634,1.0,False,False
Mineros SA,True,cero,329,0.044507832834442866,0.04448030722065201,1.7634294644312554,0.0787591146305032,1.0,False,False
Nutresa,True,arima,297,0.03712086899086527,0.03712086501134619,1.3734811898109354,0.1706421811893293,1.0,False,False
Nutresa,True,random_forest,297,0.03709306094384932,0.03712086501134619,-0.06888401233144749,0.9451284547222816,1.0,False,False
Nutresa,True,gradient_boosting,297,0.03702443598883708,0.03712086501134619,-0.14080488701034372,0.8881198546335921,1.0,False,False
Nutresa,True,mlp,297,0.036976870599908125,0.03712086501134619,-0.5961362212610332,0.5515398193981854,1.0,False,False
Nutresa,True,lstm,297,0.036769289832920986,0.03712086501134619,-0.6009411393139182,0.548339077338677,1.0,False,False
Nutresa,True,cero,297,0.03721887719003351,0.03712086501134619,1.6169962789936316,0.10694425905640835,1.0,False,False
Promigas,True,arima,270,0.01284981773734267,0.013296980896685873,-2.2401259681235124,0.025899540937001947,1.0,False,False
Promigas,True,random_forest,270,0.013248738982594639,0.013296980896685873,-0.7457258142616707,0.4564841916645509,1.0,False,False
Promigas,True,gradient_boosting,270,0.013253424801086103,0.013296980896685873,-0.5192221423822155,0.6040327621970173,1.0,False,False
Promigas,True,mlp,270,0.01325493160542041,0.013296980896685873,-0.7567948964626056,0.449835071612261,1.0,False,False
Promigas,True,lstm,270,0.013151721906233276,0.013296980896685873,-1.4150544572734065,0.1582091050147176,1.0,False,False
Promigas,True,cero,270,0.01329061231272479,0.013296980896685873,-0.4028977850680248,0.6873434360697444,1.0,False,False
