universo,estrategia,frecuencia,costo,periodo,dias,retorno_anual,volatilidad_anual,sharpe,max_drawdown,cvar95_diario,valor_final
9_empresas,igual,mensual,0pb,evaluacion,426,0.4954773951461411,0.19410675465094354,1.6791257651221758,-0.12288170099103268,0.02360145074766334,1.9745183756863245
9_empresas,igual,mensual,0pb,2025,253,0.5635201420608229,0.2068291280911083,1.832921775207997,-0.09072753803264544,0.025489305638285466,1.5662956158727293
9_empresas,igual,mensual,0pb,2026,173,0.40126554581156193,0.17433125577626857,1.4237774442210511,-0.1228817009910329,0.020408675402755854,1.2606294467511077
9_empresas,igual,mensual,20pb,evaluacion,426,0.4914187988354266,0.19403850111462448,1.6656226236028946,-0.12331430187439973,0.023606197591892693,1.9654681579886037
9_empresas,igual,mensual,20pb,2025,253,0.5583499318475762,0.20675698265699008,1.8174410782762207,-0.09072753803264544,0.02550217683369079,1.5610957088178268
9_empresas,igual,mensual,20pb,2026,173,0.39867844450315926,0.1742711835912094,1.4135916263142076,-0.12331430187439907,0.020418819137352155,1.2590311707902901
9_empresas,igual,mensual,50pb,evaluacion,426,0.48534420742604745,0.19396186089266973,1.6451317631787323,-0.12396293713492157,0.02361448328659963,1.9519542439300772
9_empresas,igual,mensual,50pb,2025,253,0.5506143882339658,0.20668755330952543,1.7938630673198739,-0.09072753803264522,0.025521483626798794,1.5533158614164126
9_empresas,igual,mensual,50pb,2026,173,0.3948059098008838,0.17418441345093721,1.3982729441181097,-0.12396293713492113,0.02043403473924663,1.2566370384901373
9_empresas,igual,trimestral,20pb,evaluacion,426,0.5015429811494749,0.2021485741295547,1.6401278763268725,-0.12794367435419174,0.024584928576966234,1.9880755943354926
9_empresas,igual,trimestral,20pb,2025,253,0.5924362140724451,0.2187355072701353,1.8284631492305912,-0.09859413226849278,0.026993950879981857,1.5953790287725282
9_empresas,igual,trimestral,20pb,2026,173,0.3778767026173342,0.1755498153433804,1.3190978782212013,-0.12794367435419118,0.020771682233321438,1.246146250189276
9_empresas,min_var_muestral,mensual,0pb,evaluacion,426,0.3017714800056044,0.1720182476221519,1.0642063804994868,-0.09996109310258394,0.020510619972533853,1.5617743006054403
9_empresas,min_var_muestral,mensual,0pb,2025,253,0.2529136461143764,0.16369348969063482,0.9135838142724881,-0.0694134453208548,0.020783096176821555,1.2540351661794216
9_empresas,min_var_muestral,mensual,0pb,2026,173,0.37667352760405537,0.18394100337734415,1.2615663438209594,-0.09996109310258394,0.019356168242700242,1.2453991265361288
9_empresas,min_var_muestral,mensual,20pb,evaluacion,426,0.2950631576919658,0.17186308195465747,1.034925411862235,-0.10113928626433522,0.020550421766534602,1.5481932693227167
9_empresas,min_var_muestral,mensual,20pb,2025,253,0.24580156140343967,0.1636261596182128,0.8790734427159937,-0.0694134453208547,0.020864379903135936,1.2468885480536243
9_empresas,min_var_muestral,mensual,20pb,2026,173,0.37063327320503614,0.18366858837912825,1.2392076057947479,-0.10113928626433422,0.019356168242700242,1.241645271134638
9_empresas,min_var_muestral,mensual,50pb,evaluacion,426,0.28505458961121355,0.17167928328311197,0.9906221278298577,-0.10290482767547093,0.02061012445753574,1.5280210342526006
9_empresas,min_var_muestral,mensual,50pb,2025,253,0.23519574054923353,0.16359091288121752,0.8269222141975718,-0.0694134453208547,0.02098630549260751,1.2362315306232763
9_empresas,min_var_muestral,mensual,50pb,2026,173,0.3616157165418754,0.18328702633294774,1.2053669268438623,-0.10290482767547127,0.019356168242700242,1.2360314361842983
9_empresas,min_var_muestral,trimestral,20pb,evaluacion,426,0.3153359158809719,0.18817830695408178,1.0430433088071416,-0.12008068694121099,0.021791296814908646,1.5893833951196865
9_empresas,min_var_muestral,trimestral,20pb,2025,253,0.3165826807778014,0.19118440140879292,1.0664931992658733,-0.09259431444830446,0.02223096421686447,1.3180204185775213
9_empresas,min_var_muestral,trimestral,20pb,2026,173,0.31351473782504713,0.18424468474091313,1.00485231323462,-0.12008068694121166,0.020228264211732565,1.2058867774104995
9_empresas,min_var_lw,mensual,0pb,evaluacion,426,0.3248691039497307,0.17267119115463997,1.1628198084063521,-0.09986758045561528,0.020953459785872954,1.608905369244684
9_empresas,min_var_lw,mensual,0pb,2025,253,0.29009171037187476,0.16854584199780176,1.0654749901462857,-0.07362949839359967,0.02097921285056937,1.2913963518617604
9_empresas,min_var_lw,mensual,0pb,2026,173,0.3774235530688601,0.17899801098315157,1.294868402991872,-0.09986758045561539,0.020030512722021783,1.2458648864271473
9_empresas,min_var_lw,mensual,20pb,evaluacion,426,0.31957368078301696,0.17255704369362987,1.1402434070399508,-0.10088311434202057,0.020985144029124648,1.5980494322270236
9_empresas,min_var_lw,mensual,20pb,2025,253,0.28455451131890164,0.1684728464152798,1.0403082216816428,-0.07362949839359956,0.021032832339149158,1.2858316053855543
9_empresas,min_var_lw,mensual,20pb,2026,173,0.3725128481300186,0.1788259791857632,1.2759524252880532,-0.10088311434202069,0.020030512722021783,1.242813931104028
9_empresas,min_var_lw,mensual,50pb,evaluacion,426,0.31166153112771333,0.17242422190048798,1.1060763677550516,-0.10240504333906686,0.021032670394002195,1.581885031180256
9_empresas,min_var_lw,mensual,50pb,2025,253,0.2762816275605404,0.16841773849788402,1.002193476409946,-0.07362949839359956,0.02111784896283429,1.2775177417151926
9_empresas,min_var_lw,mensual,50pb,2026,173,0.3651755366095173,0.17858433138616753,1.2473955862476984,-0.10240504333906641,0.020030512722021783,1.2382489726181176
9_empresas,min_var_lw,trimestral,20pb,evaluacion,426,0.35065872104575346,0.18889333547114118,1.1802783512295882,-0.10772160802056696,0.02208519650037694,1.66220381374351
9_empresas,min_var_lw,trimestral,20pb,2025,253,0.3429914240752705,0.19236449162830313,1.1643625831798383,-0.09243625345338746,0.022332507375247314,1.3445639612470304
9_empresas,min_var_lw,trimestral,20pb,2026,173,0.3619504750584863,0.1842520529766066,1.2017816124365022,-0.10772160802056696,0.02079242834248713,1.2362400463283882
9_empresas,min_cvar,mensual,0pb,evaluacion,426,0.3754214829997733,0.18936011962282384,1.2739019289962068,-0.10082316520419987,0.023332093077444507,1.7140458287487055
9_empresas,min_cvar,mensual,0pb,2025,253,0.39641491716086086,0.1788356798707725,1.4571605963478949,-0.07468053221455195,0.02223499180125,1.3982664386395194
9_empresas,min_cvar,mensual,0pb,2026,173,0.34528706027281264,0.20430523310578516,1.0421878185232027,-0.1008231652041992,0.023897312279655414,1.225836350914947
9_empresas,min_cvar,mensual,20pb,evaluacion,426,0.36622833603022276,0.18931080985755966,1.2387256017960089,-0.1029989530976474,0.023402280971337282,1.6947236592092443
9_empresas,min_cvar,mensual,20pb,2025,253,0.3865924113068888,0.17891845339012155,1.4170686974287077,-0.07468053221455206,0.022374383693402302,1.38839201727802
9_empresas,min_cvar,mensual,20pb,2026,173,0.33698462929447803,0.2040863256316113,1.0127324392736503,-0.1029989530976475,0.023897312279655414,1.2206377147945562
9_empresas,min_cvar,mensual,50pb,evaluacion,426,0.35253932246619124,0.18929191751111155,1.1855817084018179,-0.10625580244258226,0.02350756281217643,1.6661181050980398
9_empresas,min_cvar,mensual,50pb,2025,253,0.3719705706140499,0.1791124438670161,1.35647138313219,-0.07468053221455206,0.022583471531630726,1.373693409593398
9_empresas,min_cvar,mensual,50pb,2026,173,0.32461696598376544,0.2037939520718642,0.9682596753044718,-0.1062558024425827,0.023897312279655414,1.2128747895727319
9_empresas,min_cvar,trimestral,20pb,evaluacion,426,0.4620067310767493,0.2122593601296516,1.4456875675949568,-0.1287047110177667,0.0247855291165216,1.9003910928015464
9_empresas,min_cvar,trimestral,20pb,2025,253,0.4239565651119268,0.19625570694115346,1.4436316609557054,-0.08642241195709299,0.023602458134190415,1.425955117999103
9_empresas,min_cvar,trimestral,20pb,2026,173,0.5194905932173244,0.2342687752396351,1.4567447256603883,-0.12870471101776726,0.025506191361823367,1.3327145215258738
9_empresas,paridad_riesgo,mensual,0pb,evaluacion,426,0.4093024519179991,0.17918662247195521,1.4719780395849735,-0.1069517310929552,0.02165038843014154,1.786027185499714
9_empresas,paridad_riesgo,mensual,0pb,2025,253,0.4121634731861257,0.18230316886750228,1.4944426251341092,-0.08127295919353938,0.02211309252180799,1.414098805924356
9_empresas,paridad_riesgo,mensual,0pb,2026,173,0.40512884852043696,0.1750537854150292,1.4342149744491952,-0.10695173109295497,0.02018358884444771,1.2630144216352965
9_empresas,paridad_riesgo,mensual,20pb,evaluacion,426,0.40475334931235674,0.17910511329535964,1.454492973774443,-0.10757596953747539,0.02167130183810796,1.7762922239572916
9_empresas,paridad_riesgo,mensual,20pb,2025,253,0.4068652075542747,0.18223416119695154,1.4742853062217691,-0.08127295919353927,0.022148484442981932,1.4087722651834025
9_empresas,paridad_riesgo,mensual,20pb,2026,173,0.40167061591646736,0.17495301374779998,1.4208396083160193,-0.10757596953747561,0.02018358884444771,1.2608796097544155
9_empresas,paridad_riesgo,mensual,50pb,evaluacion,426,0.397949599722653,0.17901346921001124,1.4279912238476644,-0.10851178004827489,0.021702671950057564,1.7617729615531488
9_empresas,paridad_riesgo,mensual,50pb,2025,253,0.3989434039806652,0.18217686171455766,1.4436544213414932,-0.08127295919353938,0.022201572324742805,1.4008083341153061
9_empresas,paridad_riesgo,mensual,50pb,2026,173,0.39649750384986904,0.1748087277878645,1.400692602546505,-0.10851178004827555,0.02018358884444771,1.2576830952864153
9_empresas,paridad_riesgo,trimestral,20pb,evaluacion,426,0.43225647003345213,0.19162901767878987,1.4725757654225253,-0.10924719982579134,0.022730159298048728,1.8354790650930213
9_empresas,paridad_riesgo,trimestral,20pb,2025,253,0.456588441835059,0.20032125830240377,1.531626683690175,-0.09462008005830458,0.023486453501492085,1.4587639480572399
9_empresas,paridad_riesgo,trimestral,20pb,2026,173,0.3974026866945113,0.17871410788490355,1.3775317035946635,-0.10924719982579101,0.020643764740097645,1.2582426838403076
9_empresas,ibr,-,-,evaluacion,426,0.10010606166804248,0.0005723118027264279,,0.0,-0.0003500063092973389,1.1750169546905398
9_empresas,ibr,-,-,2025,253,0.09336966476802644,7.22351322687996e-05,,0.0,-0.00034928441648299864,1.0937570307790534
9_empresas,ibr,-,-,2026,173,0.11003235652771282,0.000508920312470049,,0.0,-0.00035132176799253695,1.0742943100019273
liquidas,igual,mensual,0pb,evaluacion,426,0.3064624983112947,0.22062448014971012,0.8887696013338159,-0.12182521282144299,0.02730481426102048,1.571300056977738
liquidas,igual,mensual,0pb,2025,253,0.382759128640767,0.22099696383247208,1.1723745180071568,-0.09300727062828307,0.026946161527866195,1.3845385495139981
liquidas,igual,mensual,0pb,2026,173,0.20239928395894058,0.22061440204940863,0.4713141559620455,-0.12182521282144398,0.02597064344507649,1.1348907963084836
liquidas,igual,mensual,20pb,evaluacion,426,0.3037873370985189,0.2205141748829266,0.8798021103349499,-0.12221954232694643,0.027308919792767297,1.5658648759994998
liquidas,igual,mensual,20pb,2025,253,0.3790516197076572,0.22083084637361736,1.1609195952854554,-0.09300727062828318,0.026946161527866195,1.3808115581019493
liquidas,igual,mensual,20pb,2026,173,0.20105221897307235,0.2205879990766586,0.4662606126359727,-0.12221954232694632,0.02597064344507649,1.1340177932403197
liquidas,igual,mensual,50pb,evaluacion,426,0.29977883883178835,0.22037033471365236,0.8662490629073145,-0.12281084346415316,0.027315078090387523,1.557735131154065
liquidas,igual,mensual,50pb,2025,253,0.37349854183477205,0.220617096159501,1.1435212147270784,-0.09300727062828318,0.026946161527866195,1.3752293739341288
liquidas,igual,mensual,50pb,2026,173,0.19903410202668503,0.22054970416753358,0.4586753035586437,-0.12281084346415216,0.02597064344507649,1.1327093215714572
liquidas,igual,trimestral,20pb,evaluacion,426,0.302073048697173,0.22124638604748334,0.8716269868968761,-0.11978071515705213,0.027031958761238192,1.5623859655080934
liquidas,igual,trimestral,20pb,2025,253,0.3755568438122847,0.22424298425261813,1.1352226584545682,-0.09587064871896855,0.027234307025150208,1.377298454014636
liquidas,igual,trimestral,20pb,2026,173,0.2016179398437037,0.2173346175119818,0.4721603512557364,-0.11978071515705202,0.024988765863048965,1.1343844618092418
liquidas,min_var_muestral,mensual,0pb,evaluacion,426,0.29931110311476306,0.227636310261625,0.844074108186547,-0.15243303475856707,0.028622365239933324,1.5567876299191843
liquidas,min_var_muestral,mensual,0pb,2025,253,0.44092900951081027,0.21761984120482764,1.3767510760001533,-0.09423043824285837,0.02517646171477175,1.4430192310340166
liquidas,min_var_muestral,mensual,0pb,2026,173,0.11688149919601787,0.24188083101457145,0.1448349607479501,-0.15243303475856762,0.030973106189850694,1.0788405285518226
liquidas,min_var_muestral,mensual,20pb,evaluacion,426,0.29538464104829565,0.2275203206710192,0.8310771824113581,-0.153361491271499,0.028632419217838097,1.5488430084121765
liquidas,min_var_muestral,mensual,20pb,2025,253,0.4360550215227337,0.21745957429983762,1.3620058518230302,-0.09423043824285848,0.0251840726930153,1.4381188364523771
liquidas,min_var_muestral,mensual,20pb,2026,173,0.11409554182857229,0.2418245824639545,0.13448289524507615,-0.15336149127149934,0.030973106189850694,1.0769923661058067
liquidas,min_var_muestral,mensual,50pb,evaluacion,426,0.28950976534439987,0.22737220653431453,0.8114646035196341,-0.1547531324746082,0.02864750018469525,1.5369870803809644
liquidas,min_var_muestral,mensual,50pb,2025,253,0.42876284991984015,0.21725911477820734,1.3396009134008375,-0.09423043824285848,0.02519548916038062,1.4307872801807013
liquidas,min_var_muestral,mensual,50pb,2026,173,0.10992763354185486,0.2417476693496001,0.11894208179123524,-0.15475313247460742,0.030973106189850694,1.074224730448296
liquidas,min_var_muestral,trimestral,20pb,evaluacion,426,0.28908581673922473,0.23503461465235556,0.7910415436810581,-0.16121324362166845,0.029243565228458293,1.5361329610475898
liquidas,min_var_muestral,trimestral,20pb,2025,253,0.442738459588331,0.22993528859792575,1.3202526126442382,-0.10313573147186261,0.026217805434910164,1.4448385012165237
liquidas,min_var_muestral,trimestral,20pb,2026,173,0.09335365705426746,0.24260594125907173,0.05737054264323872,-0.16121324362166867,0.031317916925535254,1.0631866189572026
liquidas,min_var_lw,mensual,0pb,evaluacion,426,0.3039163856119569,0.2258883397262895,0.8645289413525072,-0.14637421018588814,0.02833015804487131,1.5661268899579401
liquidas,min_var_lw,mensual,0pb,2025,253,0.4428049606270197,0.21698904383544496,1.3861141636369465,-0.09336580763274993,0.025089735923583725,1.4449053633369804
liquidas,min_var_lw,mensual,0pb,2026,173,0.12451308627862279,0.2386522373892324,0.17212085210558895,-0.1463742101858887,0.030407656906576527,1.083895824388802
liquidas,min_var_lw,mensual,20pb,evaluacion,426,0.30041336534447516,0.22577756524638365,0.8529189743414641,-0.14706909477440056,0.028335719546324245,1.559020880077406
liquidas,min_var_lw,mensual,20pb,2025,253,0.43805955983520395,0.21682590269745747,1.3717813260027911,-0.09336580763274993,0.025097346901827276,1.4401342270990218
liquidas,min_var_lw,mensual,20pb,2026,173,0.12248355565158997,0.2386141385771407,0.1645383058506905,-0.14706909477440155,0.030407656906576527,1.0825524806933196
liquidas,min_var_lw,mensual,50pb,evaluacion,426,0.29516974993624645,0.22563497290659473,0.8353953805657233,-0.14811086138698693,0.028344061798503652,1.5484086869467089
liquidas,min_var_lw,mensual,50pb,2025,253,0.43095914922994694,0.21661943807476053,1.3500031909614199,-0.09336580763274993,0.025108763369192596,1.4329954260060818
liquidas,min_var_lw,mensual,50pb,2026,173,0.11944504020781754,0.2385610697711983,0.15315731739860622,-0.1481108613869867,0.030407656906576527,1.0805398669431177
liquidas,min_var_lw,trimestral,20pb,evaluacion,426,0.28873530034180983,0.23141993200881844,0.7986352288005168,-0.15863823794636478,0.028896360770960042,1.5354269303184422
liquidas,min_var_lw,trimestral,20pb,2025,253,0.43920594969691806,0.22612860268331056,1.3278197435760775,-0.09987216020356027,0.025880254779255145,1.4412868283921592
liquidas,min_var_lw,trimestral,20pb,2026,173,0.09654593452147431,0.2392530911181842,0.06709406681915661,-0.15863823794636578,0.03099772214681778,1.0653167017638676
liquidas,min_cvar,mensual,0pb,evaluacion,426,0.2991575982405972,0.2312896558350732,0.8338216415694412,-0.16413308374694335,0.02943642601392782,1.5564767234660457
liquidas,min_cvar,mensual,0pb,2025,253,0.4478526363268258,0.21572827684928705,1.4092008565707135,-0.09108935911237648,0.02497135020471884,1.4499804821353426
liquidas,min_cvar,mensual,0pb,2026,173,0.10875680266443344,0.2526641561534079,0.12014698708810827,-0.1641330837469427,0.03265786290042008,1.0734466723123537
liquidas,min_cvar,mensual,20pb,evaluacion,426,0.29489091381536436,0.23115009859380675,0.8199440899123084,-0.16498833123847856,0.02943642601392782,1.5478451988893474
liquidas,min_cvar,mensual,20pb,2025,253,0.44235579711942297,0.2155511997375358,1.392512703075901,-0.09108935911237659,0.02497896118296239,1.4444537612366803
liquidas,min_cvar,mensual,20pb,2026,173,0.10594672568980612,0.25257310175034153,0.11005082066281831,-0.16498833123847845,0.03265786290042008,1.0715782259199134
liquidas,min_cvar,mensual,50pb,evaluacion,426,0.2885092130671254,0.23096796933556632,0.7990021979753948,-0.1662707552827355,0.029445165950266906,1.5349716023777378
liquidas,min_cvar,mensual,50pb,2025,253,0.43413713417954036,0.21532701614998462,1.3671659034033687,-0.09108935911237648,0.02499037765032771,1.4361905763430245
liquidas,min_cvar,mensual,50pb,2026,173,0.10174230777749171,0.2524461760833519,0.09488927725654674,-0.16627075528273538,0.03265786290042008,1.0687798873365688
liquidas,min_cvar,trimestral,20pb,evaluacion,426,0.29342498110795523,0.23736056354324928,0.7997684356056073,-0.16587014373683084,0.02983293538071952,1.5448841359331742
liquidas,min_cvar,trimestral,20pb,2025,253,0.4419742127043267,0.22875681641559628,1.3235834566225821,-0.10214017796209096,0.02613164451608058,1.4440701055668463
liquidas,min_cvar,trimestral,20pb,2026,173,0.10329307366997331,0.249758591839475,0.09892566250332986,-0.16587014373683162,0.03222442906955528,1.069812421140561
liquidas,paridad_riesgo,mensual,0pb,evaluacion,426,0.3073866069801261,0.22260055028107179,0.8859662409647818,-0.13080046346190566,0.02769778357218836,1.5731793751565217
liquidas,paridad_riesgo,mensual,0pb,2025,253,0.41310553398315797,0.2177613218123769,1.2863421490273548,-0.09317627254924055,0.025800048520055796,1.415045902503931
liquidas,paridad_riesgo,mensual,0pb,2026,173,0.166855344521192,0.22994923303591983,0.3306360745915682,-0.13080046346190555,0.028197111826348393,1.111751479137724
liquidas,paridad_riesgo,mensual,20pb,evaluacion,426,0.30441320754355417,0.2224936884508875,0.8760441861864127,-0.1312866597962109,0.027701891007291677,1.5671357807153157
liquidas,paridad_riesgo,mensual,20pb,2025,253,0.4089606155740513,0.21759555152480128,1.2736411042910718,-0.09317627254924055,0.025800048520055796,1.410878846210846
liquidas,paridad_riesgo,mensual,20pb,2026,173,0.16532682923898245,0.2299268153808656,0.32494313497580174,-0.13128665979621068,0.028197111826348393,1.1107514900546736
liquidas,paridad_riesgo,mensual,50pb,evaluacion,426,0.29995959500815483,0.22235539567673676,0.8610580250539828,-0.132015654550955,0.027708052159946654,1.5581013554955951
liquidas,paridad_riesgo,mensual,50pb,2025,253,0.4027551849852087,0.21738341560630947,1.2543424585977492,-0.09317627254924066,0.025800048520055796,1.4046403635793605
liquidas,paridad_riesgo,mensual,50pb,2026,173,0.16303731790154163,0.229895019119821,0.3163991206511239,-0.1320156545509552,0.028197111826348393,1.109252870624606
liquidas,paridad_riesgo,trimestral,20pb,evaluacion,426,0.2984361471182455,0.22508979000951015,0.8480532113605302,-0.13456782486610153,0.02770329039249643,1.555015847011772
liquidas,paridad_riesgo,trimestral,20pb,2025,253,0.40688719837236365,0.22401839545886096,1.2367419677702658,-0.09784957900242108,0.02629579121324229,1.4087943731949837
liquidas,paridad_riesgo,trimestral,20pb,2026,173,0.15470632355011182,0.22709683238193126,0.28588653694768856,-0.13456782486610175,0.027585686787671912,1.1037919206655935
liquidas,ibr,-,-,evaluacion,426,0.10010606166804248,0.0005723118027264279,,0.0,-0.0003500063092973389,1.1750169546905398
liquidas,ibr,-,-,2025,253,0.09336966476802644,7.22351322687996e-05,,0.0,-0.00034928441648299864,1.0937570307790534
liquidas,ibr,-,-,2026,173,0.11003235652771282,0.000508920312470049,,0.0,-0.00035132176799253695,1.0742943100019273
