serie,nivel,metodo,error,n,excesos,excesos_esperados,tasa_excesos,pvalor_kupiec,pvalor_independencia,pvalor_cc,zona_basilea,var_medio,es_medio,perdida_sobre_es,pvalor_es,perdida_cuantilica,pvalor_cc_holm,rechaza_cc_holm_5pct,pvalor_es_holm
accion: Celsia,95%,historica,,420,34,21.0,0.08095238095238096,0.007317932867082901,0.8759564185229246,0.027084441953432948,,0.022866914488844276,0.032583297485929676,1.0422283295833437,0.24603154961081505,0.002044456515254243,1.0,False,1.0
accion: Celsia,95%,ewma_normal,,420,19,21.0,0.04523809523809524,0.6492579640517477,0.8786675075084853,0.8913030470836987,,0.026628884546784096,0.03339369552662853,1.1946364441610289,0.013431707392924102,0.0018892985589819276,1.0,False,0.9939463470763835
accion: Celsia,95%,garch_t,,420,22,21.0,0.05238095238095238,0.8241298024499609,0.8763723762730703,0.9638732677794917,,0.025904432034832968,0.04397760206993583,0.8229677051962583,0.9993929167531352,0.0018752573799411787,1.0,False,1.0
accion: Celsia,95%,fhs,,420,19,21.0,0.04523809523809524,0.6492579640517477,0.8786675075084853,0.8913030470836987,,0.026557712600217883,0.040598060677843335,0.9826411659880008,0.6015940143348375,0.0018887812151853957,1.0,False,1.0
accion: Celsia,99%,historica,,420,5,4.2,0.011904761904761904,0.7032879230099944,0.7281945006641142,0.8755307789141779,verde,0.0404364796659535,0.04693965488693758,1.2161758017040016,0.04443588157827816,0.0005828070018023884,1.0,False,1.0
accion: Celsia,99%,ewma_normal,,420,8,4.2,0.01904761904761905,0.097586743356514,0.5767885912714166,0.21696895841323127,amarillo,0.037661739584879055,0.04314771880192932,1.1834951888938816,0.02571480240826361,0.0005980643146355127,1.0,False,1.0
accion: Celsia,99%,garch_t,,420,3,4.2,0.007142857142857143,0.5351375759799759,0.8352184458759316,0.8073903428973654,verde,0.05146860010193689,0.08211998648436361,0.6602953184895738,0.9985572415527858,0.0005456765344660477,1.0,False,1.0
accion: Celsia,99%,fhs,,420,3,4.2,0.007142857142857143,0.5351375759799759,0.8352184458759316,0.8073903428973654,verde,0.051493667487069836,0.06907651561562696,0.895434310017357,0.9667695522558025,0.0005884376837097757,1.0,False,1.0
accion: Banco de Bogota,95%,historica,,417,28,20.85,0.0671462829736211,0.12597117418182102,0.9288085695089325,0.3089045933856686,,0.01965360643809455,0.03593891927552265,1.0499530912809016,0.35593291866847804,0.0021365412039793972,1.0,False,1.0
accion: Banco de Bogota,95%,ewma_normal,,417,13,20.85,0.03117505995203837,0.0587609080085647,0.35972439075368445,0.1102024731788689,,0.027543582086654254,0.03454076314381376,1.4819603790462261,0.051970404061475815,0.002083737313865735,1.0,False,1.0
accion: Banco de Bogota,95%,garch_t,,417,16,20.85,0.03836930455635491,0.256666290453775,0.6378520111991894,0.4704309702575782,,0.024584679439755095,0.043992725385789674,1.0694057939391062,0.3390606095160331,0.002107798239007353,1.0,False,1.0
accion: Banco de Bogota,95%,fhs,,417,16,20.85,0.03836930455635491,0.256666290453775,0.27356134091183587,0.2885965409606276,,0.026474388039811184,0.046028133385317124,1.0135856733338606,0.4693958022854046,0.002065144558728921,1.0,False,1.0
accion: Banco de Bogota,99%,historica,,417,6,4.17,0.014388489208633094,0.3980380773995542,0.6751681489552317,0.6408687204810504,verde,0.051044480752591694,0.06979595526523888,1.2379784347126408,0.0708557779621523,0.0009705864507844304,1.0,False,1.0
accion: Banco de Bogota,99%,ewma_normal,,417,6,4.17,0.014388489208633094,0.3980380773995542,0.6751681489552317,0.6408687204810504,verde,0.038955413771080735,0.04462983541743361,1.690125070831752,0.05326632126601053,0.0008288782081794121,1.0,False,1.0
accion: Banco de Bogota,99%,garch_t,,417,5,4.17,0.011990407673860911,0.6920374029728396,0.727243701561997,0.8699904392668648,verde,0.051248103379608334,0.08662772079985376,0.9662122817449725,0.5981290490473906,0.000869939206802365,1.0,False,1.0
accion: Banco de Bogota,99%,fhs,,417,5,4.17,0.011990407673860911,0.6920374029728396,0.727243701561997,0.8699904392668648,verde,0.04954631251694157,0.0941479912747044,0.8774228267320057,0.7320720321981,0.0007967999458140758,1.0,False,1.0
accion: Ecopetrol,95%,historica,,417,30,20.85,0.07194244604316546,0.05301035259650962,0.5592050598342446,0.1297251189837634,,0.034434093897044056,0.05281867554494587,1.0654194536761301,0.3089842479216317,0.0031510247271306514,1.0,False,1.0
accion: Ecopetrol,95%,ewma_normal,,417,17,20.85,0.0407673860911271,0.3721373095240268,0.22867881820998917,0.32537149569590307,,0.042215056198753584,0.052939383580411295,1.2087876987563897,0.08686507746570488,0.0029938804784857063,1.0,False,1.0
accion: Ecopetrol,95%,garch_t,,417,22,20.85,0.05275779376498801,0.797800323548006,0.8700738350654967,0.9548561036401222,,0.038409174136697075,0.05949462305737421,0.9539575959700439,0.6735777181827634,0.0029656181699227353,1.0,False,1.0
accion: Ecopetrol,95%,fhs,,417,15,20.85,0.03597122302158273,0.16731322999996756,0.2893901493240736,0.21988407999114246,,0.044069439622689964,0.0662946813375037,1.008626752646113,0.473798106061363,0.003022873368945688,1.0,False,1.0
accion: Ecopetrol,99%,historica,,417,5,4.17,0.011990407673860911,0.6920374029728396,0.727243701561997,0.8699904392668648,verde,0.06210749100066115,0.08834281854441622,1.4243533280258482,0.23838920303145855,0.0011046170548360402,1.0,False,1.0
accion: Ecopetrol,99%,ewma_normal,,417,6,4.17,0.014388489208633094,0.3980380773995542,0.6751681489552317,0.6408687204810504,verde,0.059705559589821405,0.06840254126571889,1.3491135148511821,0.11040778747958734,0.0010336421410994774,1.0,False,1.0
accion: Ecopetrol,99%,garch_t,,417,2,4.17,0.004796163069544364,0.23467312672063853,0.8894423419620914,0.48879241381243443,verde,0.06971804151516142,0.10049650140202897,1.2332093718854644,,0.0009916900825559633,1.0,False,
accion: Ecopetrol,99%,fhs,,417,2,4.17,0.004796163069544364,0.23467312672063853,0.8894423419620914,0.48879241381243443,verde,0.0817432012607509,0.10391272345023468,1.295008721576877,,0.0010848621399109212,1.0,False,
accion: Banco Davivienda PF,95%,historica,,415,29,20.75,0.06987951807228916,0.07880721655286874,0.05207343251917035,0.03234262194137146,,0.02612424730189473,0.037309274676034454,1.103023617795546,0.10221716514076733,0.002360994118020315,1.0,False,1.0
accion: Banco Davivienda PF,95%,ewma_normal,,415,20,20.75,0.04819277108433735,0.8650866497792923,0.9713124537323055,0.9850330279850478,,0.032052633821659106,0.0401952959308716,1.1713174836313143,0.014465789326853558,0.002353059548045778,1.0,False,1.0
accion: Banco Davivienda PF,95%,garch_t,,415,19,20.75,0.04578313253012048,0.6894510454896658,0.8881159820236599,0.9141717857190527,,0.02982659802314682,0.04460070143419676,1.0319542395160823,0.3453127713004355,0.0022653389426891828,1.0,False,1.0
accion: Banco Davivienda PF,95%,fhs,,415,19,20.75,0.04578313253012048,0.6894510454896658,0.8881159820236599,0.9141717857190527,,0.033857715261450747,0.04591453192035278,1.0410431132112155,0.2673398745995793,0.0023602346348666715,1.0,False,1.0
accion: Banco Davivienda PF,99%,historica,,415,11,4.15,0.02650602409638554,0.0050535890539107125,0.4383602980742377,0.014547065863806103,amarillo,0.04401321329229107,0.05977913152437399,1.009047698809323,0.4621705957435854,0.0008217872750781983,1.0,False,1.0
accion: Banco Davivienda PF,99%,ewma_normal,,415,9,4.15,0.021686746987951807,0.03830173049205801,0.5270722518052916,0.09577030668350084,amarillo,0.045332651688055704,0.05193601063418098,1.1355034993058781,0.03558015127839422,0.00074574229496411,1.0,False,1.0
accion: Banco Davivienda PF,99%,garch_t,,415,6,4.15,0.014457831325301205,0.3921850934376315,0.6744185414089551,0.6348816370083952,verde,0.05215831443476272,0.07229142475309314,0.9128888496120502,0.9533824366660495,0.0007251300684488005,1.0,False,1.0
accion: Banco Davivienda PF,99%,fhs,,415,7,4.15,0.016867469879518072,0.20045706054412787,0.6236302687521031,0.3906592074352942,verde,0.05354359328342609,0.06821009145064139,0.9138682593331937,0.9354844821106377,0.0006915672685381786,1.0,False,1.0
portafolio: igual (9_empresas),95%,historica,,413,32,20.650000000000002,0.0774818401937046,0.01730804243546646,0.11979882920074274,0.017555160187771156,,0.012326809290177059,0.020790218491194543,1.020276127008041,0.44527322525948715,0.001252912593316807,1.0,False,1.0
portafolio: igual (9_empresas),95%,ewma_normal,,413,11,20.650000000000002,0.026634382566585957,0.017165411259237245,0.43722028862727025,0.04321902116088732,,0.017889212763737745,0.022433794520900434,1.263811188262715,0.0641871816794046,0.001253650321088954,1.0,False,1.0
portafolio: igual (9_empresas),95%,garch_t,,413,17,20.650000000000002,0.04116222760290557,0.39588696771372567,0.2263354749724591,0.3354563467536436,,0.016082865535306228,0.02518751755352153,0.9006211182247428,0.9252971906486316,0.0011968470011523976,1.0,False,1.0
portafolio: igual (9_empresas),95%,fhs,,413,10,20.650000000000002,0.024213075060532687,0.00777795590419363,0.48057254511068503,0.02257907344458826,,0.018421655922756536,0.027460361166072002,1.0691039758783465,0.3141728684431797,0.001266677490558995,1.0,False,1.0
portafolio: igual (9_empresas),99%,historica,,413,7,4.13,0.01694915254237288,0.19665396591941534,0.6227744106070463,0.3849971735550599,verde,0.025059840768321552,0.03829137489177066,1.20870729587909,0.2680263474629438,0.0004811242226297822,1.0,False,1.0
portafolio: igual (9_empresas),99%,ewma_normal,,413,4,4.13,0.009685230024213076,0.9484690580676464,0.7794328074027682,0.9595366228060617,verde,0.025301054999232082,0.028986521029881404,1.469383532868912,0.010667222558259467,0.0004334139077647279,1.0,False,0.8000416918694601
portafolio: igual (9_empresas),99%,garch_t,,413,4,4.13,0.009685230024213076,0.9484690580676464,0.7794328074027682,0.9595366228060617,verde,0.02952557259731499,0.043084414319937044,0.7897139102766861,0.9983473678168149,0.00035932152150483656,1.0,False,1.0
portafolio: igual (9_empresas),99%,fhs,,413,4,4.13,0.009685230024213076,0.9484690580676464,0.7794328074027682,0.9595366228060617,verde,0.03272573604530989,0.040425323822871756,1.0536048359956083,0.2655338906403383,0.0004356541518744212,1.0,False,1.0
portafolio: min_var (9_empresas),95%,historica,,413,32,20.650000000000002,0.0774818401937046,0.01730804243546646,0.7304934286081923,0.05547835344239506,,0.01215774779724222,0.020135448486830618,1.0128824825645475,0.45373511087081475,0.0012742136074431509,1.0,False,1.0
portafolio: min_var (9_empresas),95%,ewma_normal,,413,11,20.650000000000002,0.026634382566585957,0.017165411259237245,0.43722028862727025,0.04321902116088732,,0.01736008410205765,0.0217702458322006,1.3749049483754898,0.04565139796355012,0.0012037808270249722,1.0,False,1.0
portafolio: min_var (9_empresas),95%,garch_t,,413,16,20.650000000000002,0.0387409200968523,0.2751596418396294,0.2554441275250293,0.2887881234242794,,0.015753783404246748,0.02488771688838268,0.939954469480832,0.757603823816017,0.0011464423767716396,1.0,False,1.0
portafolio: min_var (9_empresas),95%,fhs,,413,11,20.650000000000002,0.026634382566585957,0.017165411259237245,0.43722028862727025,0.04321902116088732,,0.01761243653989372,0.026932234190272554,1.111382684057248,0.2539779835518786,0.0012100692081101097,1.0,False,1.0
portafolio: min_var (9_empresas),99%,historica,,413,5,4.13,0.012106537530266344,0.6770570618157896,0.7259603184110027,0.8622971113980348,verde,0.025046168522624295,0.035249934426439075,1.2593409307072367,0.13707742887393534,0.0004555037786509535,1.0,False,1.0
portafolio: min_var (9_empresas),99%,ewma_normal,,413,5,4.13,0.012106537530266344,0.6770570618157896,0.7259603184110027,0.8622971113980348,verde,0.02455269823542996,0.028129155237329968,1.471955283999681,0.057788439369282275,0.00040226048102775706,1.0,False,1.0
portafolio: min_var (9_empresas),99%,garch_t,,413,3,4.13,0.007263922518159807,0.5568832850176993,0.8338346839456646,0.8231887221081577,verde,0.029178997989870184,0.04299240190601343,0.915427218637781,0.9283753573424319,0.0003668300021386808,1.0,False,1.0
portafolio: min_var (9_empresas),99%,fhs,,413,3,4.13,0.007263922518159807,0.5568832850176993,0.8338346839456646,0.8231887221081577,verde,0.032978745660342444,0.04154614447133627,1.2068875147544122,0.1754662169566454,0.0004183424114745641,1.0,False,1.0
portafolio: max_sharpe (9_empresas),95%,historica,,413,20,20.650000000000002,0.048426150121065374,0.8827422856113407,0.0013920063201508358,0.005981672514412877,,0.017369263668511915,0.032137511987550486,1.1088827430724826,0.26550927478483627,0.001795132477433781,0.4785338011530302,False,1.0
portafolio: max_sharpe (9_empresas),95%,ewma_normal,,413,13,20.650000000000002,0.031476997578692496,0.06455618167015191,0.41667169672942284,0.1302911567103096,,0.02419952826826883,0.03034718474440204,1.3025127288599494,0.10600227762587904,0.0017307885018984315,1.0,False,1.0
portafolio: max_sharpe (9_empresas),95%,garch_t,,413,17,20.650000000000002,0.04116222760290557,0.39588696771372567,0.02817655917385152,0.06272420749385313,,0.019360690128075415,0.034435540341078257,0.9041911097550669,0.8011513886167302,0.0016132150172436237,1.0,False,1.0
portafolio: max_sharpe (9_empresas),95%,fhs,,413,13,20.650000000000002,0.031476997578692496,0.06455618167015191,0.41667169672942284,0.1302911567103096,,0.02292833063819603,0.03694079873273771,1.0700254399106415,0.3583821389444392,0.0017085944300207453,1.0,False,1.0
portafolio: max_sharpe (9_empresas),99%,historica,,413,3,4.13,0.007263922518159807,0.5568832850176993,0.8338346839456646,0.8231887221081577,verde,0.042561697583919374,0.06128462674587096,1.6791899351017763,0.040237690770314354,0.0007724989537206402,1.0,False,1.0
portafolio: max_sharpe (9_empresas),99%,ewma_normal,,413,5,4.13,0.012106537530266344,0.6770570618157896,0.7259603184110027,0.8622971113980348,verde,0.034225854639732815,0.03921134732565066,1.5253664525928752,0.11394128723935458,0.0005957887554238347,1.0,False,1.0
portafolio: max_sharpe (9_empresas),99%,garch_t,,413,3,4.13,0.007263922518159807,0.5568832850176993,0.8338346839456646,0.8231887221081577,verde,0.04014156302026376,0.06740601835220744,0.8754101481059116,0.7365936348349205,0.0005605165432581534,1.0,False,1.0
portafolio: max_sharpe (9_empresas),99%,fhs,,413,2,4.13,0.004842615012106538,0.24171636653921508,0.888907822728518,0.49905739481076206,verde,0.04526885672618426,0.06337016413966383,1.4930916499830027,,0.0006473556799043088,1.0,False,
portafolio: igual (liquidas),95%,historica,,415,28,20.75,0.06746987951807229,0.12017717506010593,0.42141533968407596,0.21638682558403177,,0.015470635879093498,0.02475960330567672,1.0676344465262066,0.3409607938358037,0.001475284950347716,1.0,False,1.0
portafolio: igual (liquidas),95%,ewma_normal,,415,17,20.75,0.04096385542168675,0.3838805787186752,0.027784473156741218,0.06082134852141947,,0.02127179773672146,0.02667569254266374,1.219401572727225,0.09983056059371777,0.0015337760944578306,1.0,False,1.0
portafolio: igual (liquidas),95%,garch_t,,415,17,20.75,0.04096385542168675,0.3838805787186752,0.7220812692440715,0.6425102505537896,,0.01985028997203813,0.03080953105097253,0.9962578133841179,0.5117133239661698,0.0014944223795927394,1.0,False,1.0
portafolio: igual (liquidas),95%,fhs,,415,19,20.75,0.04578313253012048,0.6894510454896658,0.05474123177118546,0.14590266939252505,,0.020965607055395425,0.03226919885964613,0.9707545835353449,0.5921941895599812,0.0015297634053539082,1.0,False,1.0
portafolio: igual (liquidas),99%,historica,,415,6,4.15,0.014457831325301205,0.3921850934376315,0.6744185414089551,0.6348816370083952,verde,0.02731232651739437,0.046729610092455326,1.3072709449383166,0.22389565237524625,0.0006147195584445099,1.0,False,1.0
portafolio: igual (liquidas),99%,ewma_normal,,415,7,4.15,0.016867469879518072,0.20045706054412787,0.6236302687521031,0.3906592074352942,verde,0.030085109477834816,0.03446744250751645,1.2837024416731337,0.16291349803546104,0.0005256488947416913,1.0,False,1.0
portafolio: igual (liquidas),99%,garch_t,,415,3,4.15,0.007228915662650603,0.5506020833193724,0.8342335971450644,0.8187161498765486,verde,0.036106364482811425,0.052163133323811825,1.0691994024102387,0.4194766173074421,0.0005228089184854683,1.0,False,1.0
portafolio: igual (liquidas),99%,fhs,,415,2,4.15,0.004819277108433735,0.23817102915362207,0.88917604909484,0.4939098769535605,verde,0.03693778868671347,0.05331299612035389,1.3225755659254557,,0.0005238561685925337,1.0,False,
portafolio: min_var (liquidas),95%,historica,,415,31,20.75,0.0746987951807229,0.030906180961558952,0.6427072413427026,0.08744960146702707,,0.014897304086181092,0.02384815626693128,1.0367718305198435,0.3900567952776487,0.0014562124790845335,1.0,False,1.0
portafolio: min_var (liquidas),95%,ewma_normal,,415,17,20.75,0.04096385542168675,0.3838805787186752,0.027784473156741218,0.06082134852141947,,0.02066722735122242,0.025917536888704535,1.2246360373336795,0.08243294297256934,0.0014941592542238274,1.0,False,1.0
portafolio: min_var (liquidas),95%,garch_t,,415,18,20.75,0.043373493975903614,0.5266475394278755,0.8047657487646731,0.7937569562328397,,0.019432266949461575,0.030405068076596972,0.9664655294521872,0.619458888691339,0.001457191969484893,1.0,False,1.0
portafolio: min_var (liquidas),95%,fhs,,415,18,20.75,0.043373493975903614,0.5266475394278755,0.039529666340700646,0.09833184340404229,,0.020321464096499865,0.031521501964487296,0.9869390388253316,0.5422444892382111,0.0014891101215180936,1.0,False,1.0
portafolio: min_var (liquidas),99%,historica,,415,7,4.15,0.016867469879518072,0.20045706054412787,0.09768317056553064,0.11180435763148196,verde,0.02494651722900567,0.04457728336173778,1.1806776158004249,0.2507075035394266,0.0005834683355874421,1.0,False,1.0
portafolio: min_var (liquidas),99%,ewma_normal,,415,6,4.15,0.014457831325301205,0.3921850934376315,0.6744185414089551,0.6348816370083952,verde,0.02923005404434898,0.033487835834782695,1.367411419863007,0.1161968451870109,0.0005179954363750517,1.0,False,1.0
portafolio: min_var (liquidas),99%,garch_t,,415,3,4.15,0.007228915662650603,0.5506020833193724,0.8342335971450644,0.8187161498765486,verde,0.03564093629589159,0.05195493893683046,1.0360254559694064,0.4431748822364644,0.0005031654823856417,1.0,False,1.0
portafolio: min_var (liquidas),99%,fhs,,415,3,4.15,0.007228915662650603,0.5506020833193724,0.8342335971450644,0.8187161498765486,verde,0.03737810483413432,0.05349520646514518,1.0541405208428565,0.440971585011789,0.0005050214302332323,1.0,False,1.0
portafolio: max_sharpe (liquidas),95%,historica,,415,25,20.75,0.060240963855421686,0.35305139675215,0.6840144777528228,0.5980681680824367,,0.016588024356805765,0.026387762540864848,1.106051959130585,0.26946099378156546,0.0015459544925849362,1.0,False,1.0
portafolio: max_sharpe (liquidas),95%,ewma_normal,,415,17,20.75,0.04096385542168675,0.3838805787186752,0.1767606557065104,0.2748734813155964,,0.021828319385966848,0.02737359314290207,1.2686269499587766,0.06975822319188521,0.0015937000781102223,1.0,False,1.0
portafolio: max_sharpe (liquidas),95%,garch_t,,415,17,20.75,0.04096385542168675,0.3838805787186752,0.1767606557065104,0.2748734813155964,,0.020267258118329204,0.031889549379775214,1.0171209613614298,0.44963057272783863,0.0015536472010489917,1.0,False,1.0
portafolio: max_sharpe (liquidas),95%,fhs,,415,17,20.75,0.04096385542168675,0.3838805787186752,0.1767606557065104,0.2748734813155964,,0.022017075413633354,0.033781729650582314,1.027978091633734,0.4220529524942973,0.0015965819414694078,1.0,False,1.0
portafolio: max_sharpe (liquidas),99%,historica,,415,5,4.15,0.012048192771084338,0.684544015592222,0.7266042676716215,0.8661874060606439,verde,0.028642138825501557,0.04700662238300886,1.262692776939871,0.3083819375196206,0.0005771781714633482,1.0,False,1.0
portafolio: max_sharpe (liquidas),99%,ewma_normal,,415,6,4.15,0.014457831325301205,0.3921850934376315,0.6744185414089551,0.6348816370083952,verde,0.03087220866670259,0.03536919412188236,1.4138210135776026,0.1260448782207414,0.000546241925259336,1.0,False,1.0
portafolio: max_sharpe (liquidas),99%,garch_t,,415,2,4.15,0.004819277108433735,0.23817102915362207,0.88917604909484,0.4939098769535605,verde,0.037385645850832976,0.05483843687530341,1.2617057005588126,,0.000534383800764558,1.0,False,
portafolio: max_sharpe (liquidas),99%,fhs,,415,4,4.15,0.00963855421686747,0.9406514145283938,0.7799575655018438,0.959064934487973,verde,0.03718352024358397,0.05558865640894547,1.0464531110868642,0.44067167913898414,0.0005495901540733737,1.0,False,1.0
