Date,TRM,Brent
2020-01-01,3279.760009765625,
2020-01-02,3279.760009765625,66.25
2020-01-03,3252.75,68.5999984741211
2020-01-06,3256.89990234375,68.91000366210938
2020-01-07,3244.4599609375,68.2699966430664
2020-01-08,3274.25,65.44000244140625
2020-01-09,3240.25,65.37000274658203
2020-01-10,3255.14990234375,64.9800033569336
2020-01-13,3204.046875,64.19999694824219
2020-01-14,3269.0,64.48999786376953
2020-01-15,3286.75,64.0
2020-01-16,3298.39990234375,64.62000274658203
2020-01-17,3321.10009765625,64.8499984741211
2020-01-20,3330.760009765625,
2020-01-21,3330.5,64.58999633789062
2020-01-22,3354.35009765625,63.209999084472656
2020-01-23,3329.75,62.040000915527344
2020-01-24,3359.570068359375,60.689998626708984
2020-01-27,3363.320068359375,59.31999969482422
2020-01-28,3398.25,59.5099983215332
2020-01-29,3384.0,59.810001373291016
2020-01-30,3385.800048828125,58.290000915527344
2020-01-31,3413.25,58.15999984741211
2020-02-03,3418.320068359375,54.45000076293945
2020-02-04,3393.75,53.959999084472656
2020-02-05,3392.6298828125,55.279998779296875
2020-02-06,3363.050048828125,54.93000030517578
2020-02-07,3378.699951171875,54.470001220703125
2020-02-10,3408.47998046875,53.27000045776367
2020-02-11,3454.75,54.0099983215332
2020-02-12,3418.60009765625,55.790000915527344
2020-02-13,3386.25,56.34000015258789
2020-02-14,3374.800048828125,57.31999969482422
2020-02-17,3388.0,
2020-02-18,3394.610107421875,57.75
2020-02-19,3287.0,59.119998931884766
2020-02-20,3383.75,59.310001373291016
2020-02-21,3402.64990234375,58.5
2020-02-24,3394.239990234375,56.29999923706055
2020-02-25,3428.4599609375,54.95000076293945
2020-02-26,3434.5,53.43000030517578
2020-02-27,3456.25,52.18000030517578
2020-02-28,3500.25,50.52000045776367
2020-03-02,3498.56005859375,51.900001525878906
2020-03-03,3458.25,51.86000061035156
2020-03-04,3460.25,51.130001068115234
2020-03-05,3478.239990234375,49.9900016784668
2020-03-06,3540.25,45.27000045776367
2020-03-09,3587.5,34.36000061035156
2020-03-10,3803.25,37.220001220703125
2020-03-11,3763.25,35.790000915527344
2020-03-12,3743.3505859375,33.220001220703125
2020-03-13,4023.25,33.849998474121094
2020-03-16,3975.239990234375,30.049999237060547
2020-03-17,4078.25,28.729999542236328
2020-03-18,3996.75,24.8799991607666
2020-03-19,4156.25,28.469999313354492
2020-03-20,4087.0,26.979999542236328
2020-03-23,4118.75,27.030000686645508
2020-03-24,4174.75,27.149999618530273
2020-03-25,4174.490234375,27.389999389648438
2020-03-26,4064.260009765625,26.34000015258789
2020-03-27,3980.0,24.93000030517578
2020-03-30,3893.483154296875,22.760000228881836
2020-03-31,4061.550048828125,22.739999771118164
2020-04-01,4057.25,24.739999771118164
2020-04-02,4084.5,29.940000534057617
2020-04-03,4038.260009765625,34.11000061035156
2020-04-06,4027.25,33.04999923706055
2020-04-07,3979.25,31.8700008392334
2020-04-08,3906.27001953125,32.84000015258789
2020-04-09,3897.25,31.479999542236328
2020-04-10,3827.0,
2020-04-13,3825.25,31.739999771118164
2020-04-14,3865.75,29.600000381469727
2020-04-15,3847.260009765625,27.690000534057617
2020-04-16,3910.260009765625,27.81999969482422
2020-04-17,3972.760009765625,28.079999923706055
2020-04-20,3933.25,25.56999969482422
2020-04-21,3974.85009765625,19.329999923706055
2020-04-22,4045.77001953125,20.3700008392334
2020-04-23,4026.0,21.329999923706055
2020-04-24,4020.239990234375,21.440000534057617
2020-04-27,4039.75,19.989999771118164
2020-04-28,4033.68994140625,20.459999084472656
2020-04-29,4033.2099609375,22.540000915527344
2020-04-30,3919.0,25.270000457763672
2020-05-01,3952.75,26.440000534057617
2020-05-04,3954.489990234375,27.200000762939453
2020-05-05,3986.909912109375,30.969999313354492
2020-05-06,3925.75,29.719999313354492
2020-05-07,3961.52001953125,29.459999084472656
2020-05-08,3919.090087890625,30.969999313354492
2020-05-11,3894.75,29.6299991607666
2020-05-12,3896.010009765625,29.979999542236328
2020-05-13,3883.0,29.190000534057617
2020-05-14,3906.260009765625,31.1299991607666
2020-05-15,3940.260009765625,32.5
2020-05-18,3911.25,34.810001373291016
2020-05-19,3851.25,34.650001525878906
2020-05-20,3831.25,35.75
2020-05-21,3815.389892578125,36.060001373291016
2020-05-22,3769.0400390625,35.130001068115234
2020-05-25,3773.280029296875,
2020-05-26,3776.7099609375,36.16999816894531
2020-05-27,3729.75,34.7400016784668
2020-05-28,3733.75,35.290000915527344
2020-05-29,3698.260009765625,35.33000183105469
2020-06-01,3728.25,38.31999969482422
2020-06-02,3710.0,39.56999969482422
2020-06-03,3634.68994140625,39.790000915527344
2020-06-04,3605.25,39.9900016784668
2020-06-05,3586.739990234375,42.29999923706055
2020-06-08,3571.449951171875,40.79999923706055
2020-06-09,3608.239990234375,41.18000030517578
2020-06-10,3655.75,41.72999954223633
2020-06-11,3670.0,38.54999923706055
2020-06-12,3768.0,38.72999954223633
2020-06-15,3776.75,39.720001220703125
2020-06-16,3773.0,40.959999084472656
2020-06-17,3745.35009765625,40.709999084472656
2020-06-18,3746.0400390625,41.5099983215332
2020-06-19,3748.75,42.189998626708984
2020-06-22,3746.25,43.08000183105469
2020-06-23,3725.75,42.630001068115234
2020-06-24,3699.75,40.310001373291016
2020-06-25,3727.25,41.04999923706055
2020-06-26,3730.25,41.02000045776367
2020-06-29,3727.510009765625,41.709999084472656
2020-06-30,3743.75,41.150001525878906
2020-07-01,3756.25,42.029998779296875
2020-07-02,3713.75,43.13999938964844
2020-07-03,3644.239990234375,
2020-07-06,3648.300048828125,43.099998474121094
2020-07-07,3633.469970703125,43.08000183105469
2020-07-08,3624.35009765625,43.290000915527344
2020-07-09,3639.35009765625,42.349998474121094
2020-07-10,3621.699951171875,43.2400016784668
2020-07-13,3621.360107421875,42.720001220703125
2020-07-14,3615.739990234375,42.900001525878906
2020-07-15,3622.25,43.790000915527344
2020-07-16,3622.10009765625,43.369998931884766
2020-07-17,3638.969970703125,43.13999938964844
2020-07-20,3651.35009765625,43.279998779296875
2020-07-21,3649.75,44.31999969482422
2020-07-22,3613.25,44.290000915527344
2020-07-23,3633.669921875,43.310001373291016
2020-07-24,3666.949951171875,43.34000015258789
2020-07-27,3689.449951171875,43.40999984741211
2020-07-28,3673.75,43.220001220703125
2020-07-29,3721.070068359375,43.75
2020-07-30,3704.14990234375,42.939998626708984
2020-07-31,3720.35009765625,43.29999923706055
2020-08-03,3731.580078125,44.150001525878906
2020-08-04,3768.35009765625,44.43000030517578
2020-08-05,3780.25,45.16999816894531
2020-08-06,3773.75,45.09000015258789
2020-08-07,3740.75,44.400001525878906
2020-08-10,3761.199951171875,44.9900016784668
2020-08-11,3770.320068359375,44.5
2020-08-12,3741.239990234375,45.43000030517578
2020-08-13,3754.25,44.959999084472656
2020-08-14,3770.25,44.79999923706055
2020-08-17,3787.8798828125,45.369998931884766
2020-08-18,3791.260009765625,45.459999084472656
2020-08-19,3781.75,45.369998931884766
2020-08-20,3755.5,44.900001525878906
2020-08-21,3802.25,44.349998474121094
2020-08-24,3834.25,45.130001068115234
2020-08-25,3854.75,45.86000061035156
2020-08-26,3866.14990234375,45.63999938964844
2020-08-27,3833.800048828125,45.09000015258789
2020-08-28,3814.679931640625,45.04999923706055
2020-08-31,3743.75,45.279998779296875
2020-09-01,3738.699951171875,45.58000183105469
2020-09-02,3674.10009765625,44.43000030517578
2020-09-03,3656.25,44.06999969482422
2020-09-04,3668.10009765625,42.65999984741211
2020-09-07,3713.260009765625,
2020-09-08,3713.25,39.779998779296875
2020-09-09,3737.260009765625,40.790000915527344
2020-09-10,3712.159912109375,40.060001373291016
2020-09-11,3708.25,39.83000183105469
2020-09-14,3703.760009765625,39.61000061035156
2020-09-15,3686.919921875,40.529998779296875
2020-09-16,3698.360107421875,42.220001220703125
2020-09-17,3684.25,43.29999923706055
2020-09-18,3713.3701171875,43.150001525878906
2020-09-21,3728.260009765625,41.439998626708984
2020-09-22,3787.0,41.720001220703125
2020-09-23,3825.89990234375,41.77000045776367
2020-09-24,3824.27001953125,41.939998626708984
2020-09-25,3825.25,41.91999816894531
2020-09-28,3885.25,42.43000030517578
2020-09-29,3871.25,41.029998779296875
2020-09-30,3885.199951171875,40.95000076293945
2020-10-01,3825.25,40.93000030517578
2020-10-02,3843.75,39.27000045776367
2020-10-05,3870.25,41.290000915527344
2020-10-06,3827.840087890625,42.650001525878906
2020-10-07,3831.25,41.9900016784668
2020-10-08,3842.449951171875,43.34000015258789
2020-10-09,3837.75,42.849998474121094
2020-10-12,3826.25,41.720001220703125
2020-10-13,3826.25,42.45000076293945
2020-10-14,3860.25,43.31999969482422
2020-10-15,3837.25,43.15999984741211
2020-10-16,3848.5,42.93000030517578
2020-10-19,3846.35009765625,42.619998931884766
2020-10-20,3843.0,43.15999984741211
2020-10-21,3823.25,41.72999954223633
2020-10-22,3764.75,42.459999084472656
2020-10-23,3782.25,41.77000045776367
2020-10-26,3787.75,40.459999084472656
2020-10-27,3813.10009765625,41.20000076293945
2020-10-28,3807.85009765625,39.119998931884766
2020-10-29,3828.25,37.650001525878906
2020-10-30,3859.5,37.459999084472656
2020-11-02,3888.0,38.970001220703125
2020-11-03,3867.60009765625,39.709999084472656
2020-11-04,3817.75,41.22999954223633
2020-11-05,3814.070068359375,40.93000030517578
2020-11-06,3752.25,39.45000076293945
2020-11-09,3721.25,42.400001525878906
2020-11-10,3647.4599609375,43.61000061035156
2020-11-11,3647.0,43.79999923706055
2020-11-12,3637.25,43.529998779296875
2020-11-13,3642.300048828125,42.779998779296875
2020-11-16,3640.0,43.81999969482422
2020-11-17,3642.64990234375,43.75
2020-11-18,3642.75,44.34000015258789
2020-11-19,3641.75,44.20000076293945
2020-11-20,3648.199951171875,44.959999084472656
2020-11-23,3631.199951171875,46.060001373291016
2020-11-24,3645.800048828125,47.86000061035156
2020-11-25,3634.25,48.61000061035156
2020-11-26,3615.949951171875,
2020-11-27,3615.949951171875,48.18000030517578
2020-11-30,3605.14990234375,47.59000015258789
2020-12-01,3594.5,47.41999816894531
2020-12-02,3546.75,48.25
2020-12-03,3520.27001953125,48.709999084472656
2020-12-04,3466.75,49.25
2020-12-07,3464.0,48.790000915527344
2020-12-08,3488.25,48.84000015258789
2020-12-09,3488.75,48.86000061035156
2020-12-10,3474.75,50.25
2020-12-11,3418.699951171875,49.970001220703125
2020-12-14,3436.35009765625,50.290000915527344
2020-12-15,3426.25,50.7599983215332
2020-12-16,3417.949951171875,51.08000183105469
2020-12-17,3418.860107421875,51.5
2020-12-18,3412.35009765625,52.2599983215332
2020-12-21,3417.75,50.90999984741211
2020-12-22,3429.25,50.08000183105469
2020-12-23,3463.25,51.20000076293945
2020-12-24,3498.25,51.290000915527344
2020-12-25,3503.25,
2020-12-28,3513.25,50.86000061035156
2020-12-29,3498.25,51.09000015258789
2020-12-30,3472.75,51.34000015258789
2020-12-31,3420.25,51.79999923706055
2021-01-01,3420.25,
2021-01-04,3420.25,51.09000015258789
2021-01-05,3447.75,53.599998474121094
2021-01-06,3442.25,54.29999923706055
2021-01-07,3412.800048828125,54.380001068115234
2021-01-08,3488.239990234375,55.9900016784668
2021-01-11,3456.441650390625,55.65999984741211
2021-01-12,3499.25,56.58000183105469
2021-01-13,3475.25,56.060001373291016
2021-01-14,3475.5400390625,56.41999816894531
2021-01-15,3444.68994140625,55.099998474121094
2021-01-18,3417.6083984375,
2021-01-19,3476.260009765625,55.900001525878906
2021-01-20,3489.909912109375,56.08000183105469
2021-01-21,3465.260009765625,56.099998474121094
2021-01-22,3480.0400390625,55.40999984741211
2021-01-25,3525.9599609375,55.880001068115234
2021-01-26,3586.260009765625,55.90999984741211
2021-01-27,3611.760009765625,55.810001373291016
2021-01-28,3604.260009765625,55.529998779296875
2021-01-29,3558.260009765625,55.880001068115234
2021-02-01,3567.260009765625,56.349998474121094
2021-02-02,3571.260009765625,57.459999084472656
2021-02-03,3527.0,58.459999084472656
2021-02-04,3533.9599609375,58.84000015258789
2021-02-05,3556.43994140625,59.34000015258789
2021-02-08,3553.75,60.560001373291016
2021-02-09,3569.25,61.09000015258789
2021-02-10,3574.550048828125,61.470001220703125
2021-02-11,3557.75,61.13999938964844
2021-02-12,3524.75,62.43000030517578
2021-02-15,3494.75,
2021-02-16,3494.75,63.349998474121094
2021-02-17,3525.080078125,64.33999633789062
2021-02-18,3526.449951171875,63.93000030517578
2021-02-19,3545.580078125,62.90999984741211
2021-02-22,3511.893310546875,65.23999786376953
2021-02-23,3591.75,65.37000274658203
2021-02-24,3592.75,67.04000091552734
2021-02-25,3563.25,66.87999725341797
2021-02-26,3608.699951171875,66.12999725341797
2021-03-01,3645.25,63.689998626708984
2021-03-02,3617.75,62.70000076293945
2021-03-03,3654.75,64.06999969482422
2021-03-04,3680.0,66.73999786376953
2021-03-05,3643.14990234375,69.36000061035156
2021-03-08,3633.39990234375,68.23999786376953
2021-03-09,3602.949951171875,67.5199966430664
2021-03-10,3590.75,67.9000015258789
2021-03-11,3551.0,69.62999725341797
2021-03-12,3554.25,69.22000122070312
2021-03-15,3503.31494140625,68.87999725341797
2021-03-16,3557.25,68.38999938964844
2021-03-17,3557.75,68.0
2021-03-18,3569.25,63.279998779296875
2021-03-19,3545.0,64.52999877929688
2021-03-22,3510.593017578125,64.62000274658203
2021-03-23,3557.64990234375,60.790000915527344
2021-03-24,3617.75,64.41000366210938
2021-03-25,3647.64990234375,61.95000076293945
2021-03-26,3666.25,64.56999969482422
2021-03-29,3688.139892578125,64.9800033569336
2021-03-30,3717.239990234375,64.13999938964844
2021-03-31,3728.25,63.540000915527344
2021-04-01,3659.949951171875,64.86000061035156
2021-04-02,3659.949951171875,
2021-04-05,3659.949951171875,62.150001525878906
2021-04-06,3672.25,62.7400016784668
2021-04-07,3634.75,63.15999984741211
2021-04-08,3652.840087890625,63.20000076293945
2021-04-09,3627.300048828125,62.95000076293945
2021-04-12,3657.75,63.279998779296875
2021-04-13,3663.25,63.66999816894531
2021-04-14,3667.0,66.58000183105469
2021-04-15,3655.050048828125,66.94000244140625
2021-04-16,3610.25,66.7699966430664
2021-04-19,3573.736572265625,67.05000305175781
2021-04-20,3625.25,66.56999969482422
2021-04-21,3641.25,65.31999969482422
2021-04-22,3612.25,65.4000015258789
2021-04-23,3633.60009765625,66.11000061035156
2021-04-26,3626.75,65.6500015258789
2021-04-27,3693.260009765625,66.41999816894531
2021-04-28,3716.0,67.2699966430664
2021-04-29,3694.260009765625,68.55999755859375
2021-04-30,3713.360107421875,67.25
2021-05-03,3751.56005859375,67.55999755859375
2021-05-04,3803.199951171875,68.87999725341797
2021-05-05,3827.75,68.95999908447266
2021-05-06,3849.260009765625,68.08999633789062
2021-05-07,3801.0,68.27999877929688
2021-05-10,3748.260009765625,68.31999969482422
2021-05-11,3705.06005859375,68.55000305175781
2021-05-12,3710.260009765625,69.31999969482422
2021-05-13,3748.760009765625,67.05000305175781
2021-05-14,3719.360107421875,68.70999908447266
2021-05-17,3683.760009765625,69.45999908447266
2021-05-18,3683.760009765625,68.70999908447266
2021-05-19,3658.260009765625,66.66000366210938
2021-05-20,3683.199951171875,65.11000061035156
2021-05-21,3717.050048828125,66.44000244140625
2021-05-24,3745.25,68.45999908447266
2021-05-25,3732.75,68.6500015258789
2021-05-26,3737.75,68.87000274658203
2021-05-27,3741.25,69.45999908447266
2021-05-28,3719.9599609375,69.62999725341797
2021-05-31,3706.25,
2021-06-01,3706.25,70.25
2021-06-02,3664.550048828125,71.3499984741211
2021-06-03,3651.75,71.30999755859375
2021-06-04,3659.25,71.88999938964844
2021-06-07,3605.75,71.48999786376953
2021-06-08,3605.75,72.22000122070312
2021-06-09,3592.85009765625,72.22000122070312
2021-06-10,3587.179931640625,72.5199966430664
2021-06-11,3602.489990234375,72.69000244140625
2021-06-14,3652.75,72.86000061035156
2021-06-15,3652.75,73.98999786376953
2021-06-16,3696.25,74.38999938964844
2021-06-17,3672.25,73.08000183105469
2021-06-18,3727.25,73.51000213623047
2021-06-21,3767.25,74.9000015258789
2021-06-22,3758.300048828125,74.80999755859375
2021-06-23,3780.35009765625,75.19000244140625
2021-06-24,3782.300048828125,75.55999755859375
2021-06-25,3764.5,76.18000030517578
2021-06-28,3726.058349609375,74.68000030517578
2021-06-29,3701.25,74.76000213623047
2021-06-30,3765.75,75.12999725341797
2021-07-01,3748.25,75.83999633789062
2021-07-02,3776.0,76.16999816894531
2021-07-05,3740.25,
2021-07-06,3740.25,74.52999877929688
2021-07-07,3777.75,73.43000030517578
2021-07-08,3828.0,74.12000274658203
2021-07-09,3839.25,75.55000305175781
2021-07-12,3829.25,75.16000366210938
2021-07-13,3820.35009765625,76.48999786376953
2021-07-14,3821.449951171875,74.76000213623047
2021-07-15,3792.27001953125,73.47000122070312
2021-07-16,3803.0,73.58999633789062
2021-07-19,3815.85009765625,68.62000274658203
2021-07-20,3768.54833984375,69.3499984741211
2021-07-21,3833.75,72.2300033569336
2021-07-22,3853.25,73.79000091552734
2021-07-23,3868.449951171875,74.0999984741211
2021-07-26,3887.25,74.5
2021-07-27,3909.0,74.4800033569336
2021-07-28,3930.25,74.73999786376953
2021-07-29,3871.75,76.05000305175781
2021-07-30,3845.85009765625,76.33000183105469
2021-08-02,3876.25,72.88999938964844
2021-08-03,3889.75,72.41000366210938
2021-08-04,3908.0,70.37999725341797
2021-08-05,3901.25,71.29000091552734
2021-08-06,3916.25,70.69999694824219
2021-08-09,3965.35009765625,69.04000091552734
2021-08-10,3995.60009765625,70.62999725341797
2021-08-11,3966.25,71.44000244140625
2021-08-12,3940.449951171875,71.30999755859375
2021-08-13,3857.25,70.58999633789062
2021-08-16,3840.449951171875,69.51000213623047
2021-08-17,3840.449951171875,69.02999877929688
2021-08-18,3878.25,68.2300033569336
2021-08-19,3849.75,66.44999694824219
2021-08-20,3868.64990234375,65.18000030517578
2021-08-23,3870.25,68.75
2021-08-24,3880.199951171875,71.05000305175781
2021-08-25,3865.25,72.25
2021-08-26,3863.75,71.06999969482422
2021-08-27,3866.0,72.69999694824219
2021-08-30,3827.260009765625,73.41000366210938
2021-08-31,3815.0,72.98999786376953
2021-09-01,3767.39990234375,71.58999633789062
2021-09-02,3758.25,73.02999877929688
2021-09-03,3793.25,72.61000061035156
2021-09-06,3798.25,
2021-09-07,3757.743408203125,71.69000244140625
2021-09-08,3798.25,72.5999984741211
2021-09-09,3815.800048828125,71.44999694824219
2021-09-10,3841.949951171875,72.91999816894531
2021-09-13,3833.25,73.51000213623047
2021-09-14,3828.85009765625,73.5999984741211
2021-09-15,3828.739990234375,75.45999908447266
2021-09-16,3813.25,75.66999816894531
2021-09-17,3815.419921875,75.33999633789062
2021-09-20,3825.75,73.91999816894531
2021-09-21,3842.25,74.36000061035156
2021-09-22,3835.5,76.19000244140625
2021-09-23,3831.919921875,77.25
2021-09-24,3832.25,78.08999633789062
2021-09-27,3834.9599609375,79.52999877929688
2021-09-28,3839.580078125,79.08999633789062
2021-09-29,3835.580078125,78.63999938964844
2021-09-30,3834.25,78.5199966430664
2021-10-01,3808.6201171875,79.27999877929688
2021-10-04,3788.25,81.26000213623047
2021-10-05,3788.25,82.55999755859375
2021-10-06,3781.75,81.08000183105469
2021-10-07,3785.580078125,81.94999694824219
2021-10-08,3770.580078125,82.38999938964844
2021-10-11,3765.14990234375,83.6500015258789
2021-10-12,3751.25,83.41999816894531
2021-10-13,3724.580078125,83.18000030517578
2021-10-14,3738.25,84.0
2021-10-15,3761.580078125,84.86000061035156
2021-10-18,3761.919921875,84.33000183105469
2021-10-19,3767.25,85.08000183105469
2021-10-20,3765.050048828125,85.81999969482422
2021-10-21,3766.340087890625,84.61000061035156
2021-10-22,3779.25,85.52999877929688
2021-10-25,3766.25,85.98999786376953
2021-10-26,3765.25,86.4000015258789
2021-10-27,3769.75,84.58000183105469
2021-10-28,3758.25,84.31999969482422
2021-10-29,3777.75,84.37999725341797
2021-11-01,3758.25,84.70999908447266
2021-11-02,3758.25,84.72000122070312
2021-11-03,3797.25,81.98999786376953
2021-11-04,3830.35009765625,80.54000091552734
2021-11-05,3870.25,82.73999786376953
2021-11-08,3870.75,83.43000030517578
2021-11-09,3875.25,84.77999877929688
2021-11-10,3865.239990234375,82.63999938964844
2021-11-11,3875.75,82.87000274658203
2021-11-12,3877.25,82.16999816894531
2021-11-15,3881.050048828125,82.05000305175781
2021-11-16,3883.050048828125,82.43000030517578
2021-11-17,3893.25,80.27999877929688
2021-11-18,3917.25,81.23999786376953
2021-11-19,3933.25,78.88999938964844
2021-11-22,3912.25,79.69999694824219
2021-11-23,3924.0,82.30999755859375
2021-11-24,3948.25,82.25
2021-11-25,3972.75,
2021-11-26,3979.25,72.72000122070312
2021-11-29,4005.25,73.44000244140625
2021-11-30,4033.25,70.56999969482422
2021-12-01,3993.25,68.87000274658203
2021-12-02,3964.81005859375,69.66999816894531
2021-12-03,3935.25,69.87999725341797
2021-12-06,3890.587646484375,73.08000183105469
2021-12-07,3930.75,75.44000244140625
2021-12-08,3909.22998046875,75.81999969482422
2021-12-09,3892.25,74.41999816894531
2021-12-10,3857.367431640625,75.1500015258789
2021-12-13,3842.510009765625,74.38999938964844
2021-12-14,3884.75,73.69999694824219
2021-12-15,3926.739990234375,73.87999725341797
2021-12-16,3998.550048828125,75.0199966430664
2021-12-17,4017.050048828125,73.5199966430664
2021-12-20,4002.313232421875,71.5199966430664
2021-12-21,4004.75,73.9800033569336
2021-12-22,4000.14990234375,75.29000091552734
2021-12-23,3998.239990234375,76.8499984741211
2021-12-24,3996.580078125,
2021-12-27,3989.75,78.5999984741211
2021-12-28,3995.080078125,78.94000244140625
2021-12-29,4007.419921875,79.2300033569336
2021-12-30,4036.1201171875,79.31999969482422
2021-12-31,4068.25,77.77999877929688
2022-01-03,4063.580078125,78.9800033569336
2022-01-04,4063.080078125,80.0
2022-01-05,4078.550048828125,80.80000305175781
2022-01-06,4026.919921875,81.98999786376953
2022-01-07,4030.919921875,81.75
2022-01-10,3970.704833984375,80.87000274658203
2022-01-11,4048.2900390625,83.72000122070312
2022-01-12,3993.18994140625,84.66999816894531
2022-01-13,3977.419921875,84.47000122070312
2022-01-14,3965.35009765625,86.05999755859375
2022-01-17,4005.25,
2022-01-18,4005.2099609375,87.51000213623047
2022-01-19,4035.550048828125,88.44000244140625
2022-01-20,3992.320068359375,88.37999725341797
2022-01-21,3973.75,87.88999938964844
2022-01-24,3954.7099609375,86.2699966430664
2022-01-25,3974.080078125,88.19999694824219
2022-01-26,3966.39990234375,89.95999908447266
2022-01-27,3928.25,89.33999633789062
2022-01-28,3961.260009765625,90.02999877929688
2022-01-31,3912.49755859375,91.20999908447266
2022-02-01,3941.27001953125,89.16000366210938
2022-02-02,3922.090087890625,89.47000122070312
2022-02-03,3931.929931640625,91.11000061035156
2022-02-04,3952.8701171875,93.2699966430664
2022-02-07,3954.7900390625,92.69000244140625
2022-02-08,3963.489990234375,90.77999877929688
2022-02-09,3952.1298828125,91.55000305175781
2022-02-10,3933.39990234375,91.41000366210938
2022-02-11,3917.090087890625,94.44000244140625
2022-02-14,3895.65869140625,96.4800033569336
2022-02-15,3942.669921875,93.27999877929688
2022-02-16,3948.580078125,94.80999755859375
2022-02-17,3962.68994140625,92.97000122070312
2022-02-18,3942.75,93.54000091552734
2022-02-21,3929.419921875,
2022-02-22,3932.199951171875,96.83999633789062
2022-02-23,3927.919921875,96.83999633789062
2022-02-24,3911.090087890625,99.08000183105469
2022-02-25,3924.75,97.93000030517578
2022-02-28,3853.7451171875,100.98999786376953
2022-03-01,3925.919921875,104.97000122070312
2022-03-02,3880.919921875,112.93000030517578
2022-03-03,3845.919921875,110.45999908447266
2022-03-04,3757.699951171875,118.11000061035156
2022-03-07,3731.724609375,123.20999908447266
2022-03-08,3808.75,127.9800033569336
2022-03-09,3771.1201171875,111.13999938964844
2022-03-10,3739.75,109.33000183105469
2022-03-11,3816.919921875,112.66999816894531
2022-03-14,3817.590087890625,106.9000015258789
2022-03-15,3795.320068359375,99.91000366210938
2022-03-16,3830.919921875,98.0199966430664
2022-03-17,3832.570068359375,106.63999938964844
2022-03-18,3817.919921875,107.93000030517578
2022-03-21,3818.090087890625,115.62000274658203
2022-03-22,3803.75,115.4800033569336
2022-03-23,3763.590087890625,121.5999984741211
2022-03-24,3768.919921875,119.02999877929688
2022-03-25,3785.919921875,120.6500015258789
2022-03-28,3792.909912109375,112.4800033569336
2022-03-29,3781.389892578125,110.2300033569336
2022-03-30,3760.02001953125,113.44999694824219
2022-03-31,3749.389892578125,107.91000366210938
2022-04-01,3764.090087890625,104.38999938964844
2022-04-04,3747.31005859375,107.52999877929688
2022-04-05,3702.75,106.63999938964844
2022-04-06,3731.219970703125,101.06999969482422
2022-04-07,3745.919921875,100.58000183105469
2022-04-08,3757.550048828125,102.77999877929688
2022-04-11,3755.260009765625,98.4800033569336
2022-04-12,3740.919921875,104.63999938964844
2022-04-13,3748.469970703125,108.77999877929688
2022-04-14,3720.919921875,111.69999694824219
2022-04-15,3737.25,
2022-04-18,3721.260009765625,113.16000366210938
2022-04-19,3730.25,107.25
2022-04-20,3747.25,106.80000305175781
2022-04-21,3756.85009765625,108.33000183105469
2022-04-22,3774.3701171875,106.6500015258789
2022-04-25,3854.260009765625,102.31999969482422
2022-04-26,3934.75,104.98999786376953
2022-04-27,3941.5400390625,105.31999969482422
2022-04-28,3960.580078125,107.58999633789062
2022-04-29,3971.550048828125,109.33999633789062
2022-05-02,3956.25,107.58000183105469
2022-05-03,3999.570068359375,104.97000122070312
2022-05-04,4023.919921875,110.13999938964844
2022-05-05,4067.419921875,110.9000015258789
2022-05-06,4089.580078125,112.38999938964844
2022-05-09,4056.0,105.94000244140625
2022-05-10,4085.580078125,102.45999908447266
2022-05-11,4080.25,107.51000213623047
2022-05-12,4080.25,107.44999694824219
2022-05-13,4108.740234375,111.55000305175781
2022-05-16,4108.75,114.23999786376953
2022-05-17,4055.25,111.93000030517578
2022-05-18,4032.580078125,109.11000061035156
2022-05-19,4067.219970703125,112.04000091552734
2022-05-20,4048.72998046875,112.55000305175781
2022-05-23,3970.25,113.41999816894531
2022-05-24,3961.580078125,113.55999755859375
2022-05-25,3976.300048828125,114.02999877929688
2022-05-26,3939.47998046875,117.4000015258789
2022-05-27,3923.75,119.43000030517578
2022-05-30,3931.75,
2022-05-31,3930.159912109375,122.83999633789062
2022-06-01,3974.739990234375,116.29000091552734
2022-06-02,3858.419921875,117.61000061035156
2022-06-03,3777.25,119.72000122070312
2022-06-06,3779.610107421875,119.51000213623047
2022-06-07,3791.419921875,120.56999969482422
2022-06-08,3788.080078125,123.58000183105469
2022-06-09,3796.89990234375,123.06999969482422
2022-06-10,3848.02001953125,122.01000213623047
2022-06-13,3942.64990234375,122.2699966430664
2022-06-14,3989.580078125,121.16999816894531
2022-06-15,3964.85009765625,118.51000213623047
2022-06-16,3904.97998046875,119.80999755859375
2022-06-17,3896.760009765625,113.12000274658203
2022-06-20,3903.239990234375,
2022-06-21,3904.0400390625,114.6500015258789
2022-06-22,3981.25,111.73999786376953
2022-06-23,4016.75,110.05000305175781
2022-06-24,4078.590087890625,113.12000274658203
2022-06-27,4138.75,115.08999633789062
2022-06-28,4131.080078125,117.9800033569336
2022-06-29,4106.81005859375,116.26000213623047
2022-06-30,4107.52001953125,114.80999755859375
2022-07-01,4149.6201171875,111.62999725341797
2022-07-04,4203.2998046875,
2022-07-05,4203.2998046875,102.7699966430664
2022-07-06,4253.009765625,100.69000244140625
2022-07-07,4327.5400390625,104.6500015258789
2022-07-08,4379.22998046875,107.0199966430664
2022-07-11,4418.75,107.0999984741211
2022-07-12,4577.1298828125,99.48999786376953
2022-07-13,4606.91015625,99.56999969482422
2022-07-14,4533.16015625,99.0999984741211
2022-07-15,4490.25,101.16000366210938
2022-07-18,4357.25,106.2699966430664
2022-07-19,4321.52978515625,107.3499984741211
2022-07-20,4315.39990234375,106.91999816894531
2022-07-21,4354.25,103.86000061035156
2022-07-22,4400.64013671875,103.19999694824219
2022-07-25,4463.25,105.1500015258789
2022-07-26,4466.0498046875,104.4000015258789
2022-07-27,4449.85986328125,106.62000274658203
2022-07-28,4427.89013671875,107.13999938964844
2022-07-29,4373.580078125,110.01000213623047
2022-08-01,4285.25,100.02999877929688
2022-08-02,4257.580078125,100.54000091552734
2022-08-03,4305.7099609375,96.77999877929688
2022-08-04,4311.31982421875,94.12000274658203
2022-08-05,4304.25,94.91999816894531
2022-08-08,4343.35009765625,96.6500015258789
2022-08-09,4310.490234375,96.30999755859375
2022-08-10,4335.25,97.4000015258789
2022-08-11,4270.58984375,99.5999984741211
2022-08-12,4231.25,98.1500015258789
2022-08-15,4160.259765625,95.0999984741211
2022-08-16,4159.919921875,92.33999633789062
2022-08-17,4237.580078125,93.6500015258789
2022-08-18,4342.7998046875,96.58999633789062
2022-08-19,4394.919921875,96.72000122070312
2022-08-22,4375.25,96.4800033569336
2022-08-23,4398.56982421875,100.22000122070312
2022-08-24,4362.419921875,101.22000122070312
2022-08-25,4390.580078125,99.33999633789062
2022-08-26,4392.18017578125,100.98999786376953
2022-08-29,4399.35986328125,105.08999633789062
2022-08-30,4375.580078125,99.30999755859375
2022-08-31,4411.919921875,96.48999786376953
2022-09-01,4419.919921875,92.36000061035156
2022-09-02,4478.75,93.0199966430664
2022-09-05,4484.75,
2022-09-06,4461.580078125,92.83000183105469
2022-09-07,4600.0,88.0
2022-09-08,4398.5498046875,89.1500015258789
2022-09-09,4396.0,92.83999633789062
2022-09-12,4351.25,94.0
2022-09-13,4359.5,93.16999816894531
2022-09-14,4410.75,94.0999984741211
2022-09-15,4390.75,90.83999633789062
2022-09-16,4416.33984375,91.3499984741211
2022-09-19,4433.4501953125,92.0
2022-09-20,4405.25,90.62000274658203
2022-09-21,4424.5,89.83000183105469
2022-09-22,4406.25,90.45999908447266
2022-09-23,4363.35009765625,86.1500015258789
2022-09-26,4436.759765625,84.05999755859375
2022-09-27,4539.85986328125,86.2699966430664
2022-09-28,4552.259765625,89.31999969482422
2022-09-29,4488.259765625,88.48999786376953
2022-09-30,4526.9501953125,87.95999908447266
2022-10-03,4608.259765625,88.86000061035156
2022-10-04,4528.27001953125,91.80000305175781
2022-10-05,4494.759765625,93.37000274658203
2022-10-06,4462.15283203125,94.41999816894531
2022-10-07,4611.759765625,97.91999816894531
2022-10-10,4618.259765625,96.19000244140625
2022-10-11,4604.27978515625,94.29000091552734
2022-10-12,4605.509765625,92.44999694824219
2022-10-13,4606.16015625,94.56999969482422
2022-10-14,4573.9599609375,91.62999725341797
2022-10-17,4696.259765625,91.62000274658203
2022-10-18,4733.259765625,90.02999877929688
2022-10-19,4760.35986328125,92.41000366210938
2022-10-20,4838.259765625,92.37999725341797
2022-10-21,4902.25,93.5
2022-10-24,4916.35009765625,93.26000213623047
2022-10-25,4988.25,93.5199966430664
2022-10-26,4973.4501953125,95.69000244140625
2022-10-27,4882.31982421875,96.95999908447266
2022-10-28,4798.259765625,95.7699966430664
2022-10-31,4833.259765625,94.83000183105469
2022-11-01,4937.0,94.6500015258789
2022-11-02,5002.25,96.16000366210938
2022-11-03,5001.27978515625,94.66999816894531
2022-11-04,5067.10986328125,98.56999969482422
2022-11-07,4959.29443359375,97.91999816894531
2022-11-08,5106.0,95.36000061035156
2022-11-09,4972.25,92.6500015258789
2022-11-10,4894.81005859375,93.66999816894531
2022-11-11,4801.169921875,95.98999786376953
2022-11-14,4716.70263671875,93.13999938964844
2022-11-15,4803.56005859375,93.86000061035156
2022-11-16,4843.93017578125,92.86000061035156
2022-11-17,4938.81005859375,89.77999877929688
2022-11-18,4999.169921875,87.62000274658203
2022-11-21,4987.080078125,87.44999694824219
2022-11-22,4946.25,88.36000061035156
2022-11-23,4905.009765625,85.41000366210938
2022-11-24,4881.60986328125,
2022-11-25,4899.81005859375,83.62999725341797
2022-11-28,4863.81982421875,83.19000244140625
2022-11-29,4833.33984375,83.02999877929688
2022-11-30,4809.33984375,85.43000030517578
2022-12-01,4828.2998046875,86.87999725341797
2022-12-02,4785.580078125,85.56999969482422
2022-12-05,4771.85009765625,82.68000030517578
2022-12-06,4823.3701171875,79.3499984741211
2022-12-07,4831.009765625,77.16999816894531
2022-12-08,4820.22998046875,76.1500015258789
2022-12-09,4820.580078125,76.0999984741211
2022-12-12,4778.45751953125,77.98999786376953
2022-12-13,4844.1298828125,80.68000030517578
2022-12-14,4762.580078125,82.69999694824219
2022-12-15,4776.580078125,81.20999908447266
2022-12-16,4790.919921875,79.04000091552734
2022-12-19,4762.96044921875,79.80000305175781
2022-12-20,4774.25,79.98999786376953
2022-12-21,4763.9599609375,82.19999694824219
2022-12-22,4762.97021484375,80.9800033569336
2022-12-23,4757.25,83.91999816894531
2022-12-26,4730.2998046875,
2022-12-27,4727.580078125,84.33000183105469
2022-12-28,4761.25,83.26000213623047
2022-12-29,4771.740234375,82.26000213623047
2022-12-30,4848.1298828125,85.91000366210938
2023-01-02,4846.919921875,
2023-01-03,4846.25,82.0999984741211
2023-01-04,4860.259765625,77.83999633789062
2023-01-05,4928.8798828125,78.69000244140625
2023-01-06,4963.43017578125,78.56999969482422
2023-01-09,4858.25,79.6500015258789
2023-01-10,4848.7900390625,80.0999984741211
2023-01-11,4783.75,82.66999816894531
2023-01-12,4730.75,84.02999877929688
2023-01-13,4695.009765625,85.27999877929688
2023-01-16,4624.69482421875,
2023-01-17,4688.1298828125,85.91999816894531
2023-01-18,4719.4501953125,84.9800033569336
2023-01-19,4701.72998046875,86.16000366210938
2023-01-20,4667.4501953125,87.62999725341797
2023-01-23,4646.830078125,88.19000244140625
2023-01-24,4544.75,86.12999725341797
2023-01-25,4515.1298828125,86.12000274658203
2023-01-26,4544.2001953125,87.47000122070312
2023-01-27,4519.10009765625,86.66000366210938
2023-01-30,4483.9287109375,84.9000015258789
2023-01-31,4600.43017578125,84.48999786376953
2023-02-01,4658.490234375,82.83999633789062
2023-02-02,4605.27978515625,82.16999816894531
2023-02-03,4585.25,79.94000244140625
2023-02-06,4583.46044921875,80.98999786376953
2023-02-07,4739.31982421875,83.69000244140625
2023-02-08,4745.77978515625,85.08999633789062
2023-02-09,4768.52978515625,84.5
2023-02-10,4749.1298828125,86.38999938964844
2023-02-13,4696.2861328125,86.61000061035156
2023-02-14,4813.0498046875,85.58000183105469
2023-02-15,4772.0,85.37999725341797
2023-02-16,4822.18994140625,85.13999938964844
2023-02-17,4923.2998046875,83.0
2023-02-20,4852.51708984375,
2023-02-21,4909.580078125,83.05000305175781
2023-02-22,4967.5,80.5999984741211
2023-02-23,4894.43017578125,82.20999908447266
2023-02-24,4875.02001953125,83.16000366210938
2023-02-27,4808.08642578125,82.44999694824219
2023-02-28,4777.259765625,83.88999938964844
2023-03-01,4808.0,84.30999755859375
2023-03-02,4846.52978515625,84.75
2023-03-03,4818.080078125,85.83000183105469
2023-03-06,4786.8798828125,86.18000030517578
2023-03-07,4730.259765625,83.29000091552734
2023-03-08,4759.25,82.66000366210938
2023-03-09,4749.18994140625,81.58999633789062
2023-03-10,4745.759765625,82.77999877929688
2023-03-13,4675.8447265625,80.7699966430664
2023-03-14,4763.75,77.44999694824219
2023-03-15,4742.85009765625,73.69000244140625
2023-03-16,4847.0,74.69999694824219
2023-03-17,4849.25,72.97000122070312
2023-03-20,4718.333984375,73.79000091552734
2023-03-21,4815.22998046875,75.31999969482422
2023-03-22,4811.68017578125,76.69000244140625
2023-03-23,4771.25,75.91000366210938
2023-03-24,4754.75,74.98999786376953
2023-03-27,4752.6201171875,78.12000274658203
2023-03-28,4675.25,78.6500015258789
2023-03-29,4658.52978515625,78.27999877929688
2023-03-30,4634.25,79.2699966430664
2023-03-31,4643.25,79.7699966430664
2023-04-03,4661.509765625,84.93000030517578
2023-04-04,4604.68994140625,84.94000244140625
2023-04-05,4589.64990234375,84.98999786376953
2023-04-06,4583.25,85.12000274658203
2023-04-07,4575.35986328125,
2023-04-10,4569.22021484375,84.18000030517578
2023-04-11,4557.5,85.61000061035156
2023-04-12,4510.56982421875,87.33000183105469
2023-04-13,4449.25,86.08999633789062
2023-04-14,4417.97998046875,86.30999755859375
2023-04-17,4412.52978515625,84.76000213623047
2023-04-18,4426.75,84.7699966430664
2023-04-19,4487.3798828125,83.12000274658203
2023-04-20,4532.25,81.0999984741211
2023-04-21,4525.14990234375,81.66000366210938
2023-04-24,4513.93994140625,82.7300033569336
2023-04-25,4474.25,80.7699966430664
2023-04-26,4494.56982421875,77.69000244140625
2023-04-27,4639.25,78.37000274658203
2023-04-28,4654.75,79.54000091552734
2023-05-01,4694.93994140625,79.30999755859375
2023-05-02,4706.5,75.31999969482422
2023-05-03,4708.72998046875,72.33000183105469
2023-05-04,4650.0,72.5
2023-05-05,4603.9501953125,75.30000305175781
2023-05-08,4525.2998046875,77.01000213623047
2023-05-09,4504.75,77.44000244140625
2023-05-10,4559.25,76.41000366210938
2023-05-11,4548.0,74.9800033569336
2023-05-12,4594.5,74.16999816894531
2023-05-15,4557.02978515625,75.2300033569336
2023-05-16,4513.25,74.91000366210938
2023-05-17,4535.14990234375,76.95999908447266
2023-05-18,4515.56982421875,75.86000061035156
2023-05-19,4525.25,75.58000183105469
2023-05-22,4540.25,75.98999786376953
2023-05-23,4526.68994140625,76.83999633789062
2023-05-24,4479.75,78.36000061035156
2023-05-25,4443.25,76.26000213623047
2023-05-26,4490.25,76.94999694824219
2023-05-29,4468.490234375,
2023-05-30,4436.27978515625,73.54000091552734
2023-05-31,4391.25,72.66000366210938
2023-06-01,4443.25,74.27999877929688
2023-06-02,4389.25,76.12999725341797
2023-06-05,4349.25,76.70999908447266
2023-06-06,4294.25,76.29000091552734
2023-06-07,4218.75,76.94999694824219
2023-06-08,4216.25,75.95999908447266
2023-06-09,4187.25,74.79000091552734
2023-06-12,4178.25,71.83999633789062
2023-06-13,4173.25,74.29000091552734
2023-06-14,4180.25,73.19999694824219
2023-06-15,4175.75,75.66999816894531
2023-06-16,4146.25,76.61000061035156
2023-06-19,4096.6669921875,
2023-06-20,4166.25,75.9000015258789
2023-06-21,4148.10009765625,77.12000274658203
2023-06-22,4152.5,74.13999938964844
2023-06-23,4115.25,73.8499984741211
2023-06-26,4187.25,74.18000030517578
2023-06-27,4162.18017578125,72.26000213623047
2023-06-28,4164.75,74.02999877929688
2023-06-29,4149.7001953125,74.33999633789062
2023-06-30,4167.85009765625,74.9000015258789
2023-07-03,4173.25,74.6500015258789
2023-07-04,4171.25,
2023-07-05,4156.22998046875,76.6500015258789
2023-07-06,4127.93017578125,76.5199966430664
2023-07-07,4178.25,78.47000122070312
2023-07-10,4173.60986328125,77.69000244140625
2023-07-11,4158.25,79.4000015258789
2023-07-12,4186.75,80.11000061035156
2023-07-13,4137.64013671875,81.36000061035156
2023-07-14,4097.25,79.87000274658203
2023-07-17,4057.25,78.5
2023-07-18,4013.25,79.62999725341797
2023-07-19,4003.530029296875,79.45999908447266
2023-07-20,3974.25,79.63999938964844
2023-07-21,3977.25,81.06999969482422
2023-07-24,3971.56005859375,82.73999786376953
2023-07-25,3948.6298828125,83.63999938964844
2023-07-26,3973.0,82.91999816894531
2023-07-27,3947.43994140625,84.23999786376953
2023-07-28,3954.25,84.98999786376953
2023-07-31,3926.2900390625,85.55999755859375
2023-08-01,3906.02001953125,84.91000366210938
2023-08-02,3968.780029296875,83.19999694824219
2023-08-03,4041.530029296875,85.13999938964844
2023-08-04,4115.56005859375,86.23999786376953
2023-08-07,4088.77001953125,85.33999633789062
2023-08-08,4027.10009765625,86.16999816894531
2023-08-09,4049.469970703125,87.55000305175781
2023-08-10,4051.719970703125,86.4000015258789
2023-08-11,3987.02001953125,86.80999755859375
2023-08-14,3963.110107421875,86.20999908447266
2023-08-15,4038.25,84.88999938964844
2023-08-16,4094.699951171875,83.44999694824219
2023-08-17,4122.5,84.12000274658203
2023-08-18,4096.0,84.80000305175781
2023-08-21,4116.89013671875,84.45999908447266
2023-08-22,4061.31005859375,84.02999877929688
2023-08-23,4111.25,83.20999908447266
2023-08-24,4092.199951171875,83.36000061035156
2023-08-25,4080.25,84.4800033569336
2023-08-28,4120.35009765625,84.41999816894531
2023-08-29,4121.93017578125,85.48999786376953
2023-08-30,4108.39990234375,85.86000061035156
2023-08-31,4096.77978515625,86.86000061035156
2023-09-01,4086.800048828125,88.55000305175781
2023-09-04,4061.449951171875,
2023-09-05,4054.330078125,90.04000091552734
2023-09-06,4084.75,90.5999984741211
2023-09-07,4064.449951171875,89.91999816894531
2023-09-08,4027.030029296875,90.6500015258789
2023-09-11,4015.080078125,90.63999938964844
2023-09-12,3985.75,92.05999755859375
2023-09-13,3982.580078125,91.87999725341797
2023-09-14,3959.75,93.69999694824219
2023-09-15,3917.5,93.93000030517578
2023-09-18,3928.25,94.43000030517578
2023-09-19,3895.449951171875,94.33999633789062
2023-09-20,3921.75,93.52999877929688
2023-09-21,3906.25,93.30000305175781
2023-09-22,3941.75,93.2699966430664
2023-09-25,3984.2900390625,93.29000091552734
2023-09-26,4018.830078125,93.95999908447266
2023-09-27,4066.25,96.55000305175781
2023-09-28,4102.5498046875,95.37999725341797
2023-09-29,4071.25,95.30999755859375
2023-10-02,4075.919921875,90.70999908447266
2023-10-03,4160.25,90.91999816894531
2023-10-04,4215.75,85.80999755859375
2023-10-05,4285.25,84.06999969482422
2023-10-06,4347.25,84.58000183105469
2023-10-09,4324.75,88.1500015258789
2023-10-10,4315.25,87.6500015258789
2023-10-11,4229.0400390625,85.81999969482422
2023-10-12,4215.25,86.0
2023-10-13,4266.25,90.88999938964844
2023-10-16,4235.25,89.6500015258789
2023-10-17,4239.25,89.9000015258789
2023-10-18,4196.72998046875,91.5
2023-10-19,4248.25,92.37999725341797
2023-10-20,4257.75,92.16000366210938
2023-10-23,4234.25,89.83000183105469
2023-10-24,4211.7998046875,88.06999969482422
2023-10-25,4213.759765625,90.12999725341797
2023-10-26,4185.25,87.93000030517578
2023-10-27,4137.0,90.4800033569336
2023-10-30,4082.3291015625,87.44999694824219
2023-10-31,4060.0,87.41000366210938
2023-11-01,4112.75,84.62999725341797
2023-11-02,4100.75,86.8499984741211
2023-11-03,4046.919921875,84.88999938964844
2023-11-06,3942.89697265625,85.18000030517578
2023-11-07,3977.25,81.61000061035156
2023-11-08,4010.580078125,79.54000091552734
2023-11-09,4088.5,80.01000213623047
2023-11-10,4052.25,81.43000030517578
2023-11-13,3981.98876953125,82.5199966430664
2023-11-14,4023.25,82.47000122070312
2023-11-15,3960.25,81.18000030517578
2023-11-16,4029.0,77.41999816894531
2023-11-17,4085.699951171875,80.61000061035156
2023-11-20,4021.15478515625,82.31999969482422
2023-11-21,4046.679931640625,82.44999694824219
2023-11-22,4071.280029296875,81.95999908447266
2023-11-23,4066.06005859375,81.37000274658203
2023-11-24,4064.760009765625,80.58000183105469
2023-11-27,4008.7666015625,79.9800033569336
2023-11-28,4008.75,81.68000030517578
2023-11-29,3953.429931640625,83.0999984741211
2023-11-30,3988.85009765625,82.83000183105469
2023-12-01,4014.580078125,78.87999725341797
2023-12-04,3973.131591796875,78.02999877929688
2023-12-05,4018.75,77.19999694824219
2023-12-06,4010.5,74.30000305175781
2023-12-07,4000.10009765625,74.05000305175781
2023-12-08,3997.72998046875,75.83999633789062
2023-12-11,3948.1640625,76.02999877929688
2023-12-12,3966.25,73.23999786376953
2023-12-13,3987.139892578125,74.26000213623047
2023-12-14,3968.25,76.61000061035156
2023-12-15,3964.5,76.55000305175781
2023-12-18,3946.10205078125,77.94999694824219
2023-12-19,3932.75,79.2300033569336
2023-12-20,3941.25,79.69999694824219
2023-12-21,3939.8798828125,79.38999938964844
2023-12-22,3944.75,79.06999969482422
2023-12-25,3904.773193359375,
2023-12-26,3951.080078125,81.06999969482422
2023-12-27,3858.0,79.6500015258789
2023-12-28,3832.75,78.38999938964844
2023-12-29,3879.75,77.04000091552734
