empresa,igual,min_cvar,min_var_lw,min_var_muestral,paridad_riesgo
Celsia,0.11111111111111109,0.13989831112095014,0.11907603026826506,0.1223731987973587,0.11311994062471506
Banco de Bogota,0.11111111111111109,0.08083110773840577,0.11279882917700225,0.10050566136131299,0.11276654756788243
Ecopetrol,0.11111111111111109,0.09179666946915711,0.10545947049908552,0.08597338204659383,0.10992947152068275
ETB,0.11111111111111109,0.12448797458104932,0.10066066822581783,0.12365685368678778,0.1044938213619229
Nutresa,0.11111111111111109,0.10858441022269898,0.09901310454703723,0.08594177409594463,0.10292444507953218
Banco Davivienda PF,0.11111111111111109,0.11436113213787559,0.08992799066998264,0.09640657969383229,0.10672244939592572
Promigas,0.11111111111111109,0.11181213005581996,0.11800493313185834,0.12475854116655347,0.11462983602814773
Mineros SA,0.11111111111111109,0.1077897691833546,0.11719003360063612,0.1254082873297052,0.11309080203838318
Grupo Bolivar,0.11111111111111109,0.12043849549068823,0.13786893988031468,0.13497572182191075,0.12232268638280767
