estrategia,caracteristica,spearman_medio,fraccion_negativa
min_cvar,correlacion_media,-0.1293309912164141,0.5714285714285714
min_cvar,pct_sin_cambio,0.06976430653305733,0.5102040816326531
min_cvar,rendimiento_medio,-0.03656625013485005,0.6122448979591837
min_cvar,volatilidad,-0.4972245382540904,0.9591836734693877
min_var_lw,correlacion_media,-0.11326530612244898,0.46938775510204084
min_var_lw,pct_sin_cambio,0.13581940194311098,0.40816326530612246
min_var_lw,rendimiento_medio,-0.24319727891156462,0.8163265306122449
min_var_lw,volatilidad,-0.7683673469387755,1.0
min_var_muestral,correlacion_media,-0.18277713655581548,0.6122448979591837
min_var_muestral,pct_sin_cambio,0.17764991328782875,0.42857142857142855
min_var_muestral,rendimiento_medio,-0.2362009582675635,0.8163265306122449
min_var_muestral,volatilidad,-0.7181527123689131,1.0
paridad_riesgo,correlacion_media,-0.12006802721088436,0.46938775510204084
paridad_riesgo,pct_sin_cambio,0.13833044483355109,0.40816326530612246
paridad_riesgo,rendimiento_medio,-0.2496598639455782,0.8163265306122449
paridad_riesgo,volatilidad,-0.7602040816326531,1.0
