bloque,empresa,brent,n,correlacion,beta
train,Celsia,mismo_dia,1003,0.14860082901338245,0.09322982110770163
train,Celsia,dia_anterior,1037,-0.014258868312865856,-0.00891297436475507
train,Banco de Bogota,mismo_dia,1003,0.10935177527937978,0.08902969933015314
train,Banco de Bogota,dia_anterior,1037,0.046810908787121276,0.03787736434708829
train,Ecopetrol,mismo_dia,1003,0.5071996414605056,0.42966560275041094
train,Ecopetrol,dia_anterior,1037,0.07396009254676297,0.06214468620627112
train,ETB,mismo_dia,1003,0.1121877078369685,0.11301808055345852
train,ETB,dia_anterior,1037,0.012985920917391596,0.01305819149522437
train,Nutresa,mismo_dia,1006,0.06497814483919062,0.06562559234824805
train,Nutresa,dia_anterior,1040,0.003213943777983062,0.003223772932951718
train,Banco Davivienda PF,mismo_dia,1003,0.19019566263164153,0.12588418619295674
train,Banco Davivienda PF,dia_anterior,1037,0.0855942378306272,0.056151883880440075
train,Promigas,mismo_dia,1003,0.05323690543651161,0.035650553133793554
train,Promigas,dia_anterior,1037,0.06102518667053774,0.04067200991650062
train,Mineros SA,mismo_dia,1003,0.127758097071381,0.09051183988731741
train,Mineros SA,dia_anterior,1037,0.07175171623365878,0.05081411465886118
train,Grupo Bolivar,mismo_dia,1003,0.05193713095000111,0.03851540545080154
train,Grupo Bolivar,dia_anterior,1037,-0.046910709172034916,-0.034472509840534855
validacion,Celsia,mismo_dia,240,0.052489750281537885,0.05231653360198076
validacion,Celsia,dia_anterior,250,0.03346970448043587,0.03172377179969306
validacion,Banco de Bogota,mismo_dia,240,0.06483808634609342,0.06112286738722486
validacion,Banco de Bogota,dia_anterior,250,-0.016858814282947106,-0.015466569952382925
validacion,Ecopetrol,mismo_dia,240,0.3223883240183074,0.33721532515107616
validacion,Ecopetrol,dia_anterior,250,0.07743714560305379,0.07702772157852875
validacion,ETB,mismo_dia,238,0.02473471599354771,0.033128035626470785
validacion,ETB,dia_anterior,248,0.036898248842686346,0.047923308237208126
validacion,Nutresa,mismo_dia,238,-0.007966982553822681,-0.015042935424768901
validacion,Nutresa,dia_anterior,248,0.03815319366347984,0.06889402662962586
validacion,Banco Davivienda PF,mismo_dia,240,0.0914128825629913,0.10034915672937525
validacion,Banco Davivienda PF,dia_anterior,250,0.08258204723379547,0.08752509421336935
validacion,Promigas,mismo_dia,237,0.026273905348656566,0.02969414936738752
validacion,Promigas,dia_anterior,246,0.06700824019681116,0.07210924013934138
validacion,Mineros SA,mismo_dia,244,0.06824380757143388,0.09127411570011083
validacion,Mineros SA,dia_anterior,254,0.03538133572758232,0.04495465507431972
validacion,Grupo Bolivar,mismo_dia,240,0.07833481054953828,0.08448683292533658
validacion,Grupo Bolivar,dia_anterior,250,0.03152426798068511,0.032436058044837075
