empresa,Date,Open,High,Low,Close,Adj Close,Volume,Dividends,Stock Splits,volumen_vs_mediana,vela_plana
Ecopetrol,2025-02-17,2125.0,2260.0,2105.0,2230.0,1907.4912109375,4441204,0.0,0.0,0.6556239722669479,False
Ecopetrol,2025-02-18,2230.0,2245.0,2160.0,2230.0,1907.4912109375,17805153,0.0,0.0,2.6284505590557794,False
Ecopetrol,2025-02-19,1820.0,1830.0,1780.0,1820.0,1556.7864990234375,5592990,0.0,0.0,0.8256541065551857,False
Ecopetrol,2025-02-20,2245.0,2250.0,2210.0,2235.0,1911.7679443359373,12814092,0.0,0.0,1.891655032742049,False
Ecopetrol,2025-02-21,2235.0,2245.0,2140.0,2145.0,1834.7840576171875,9039781,0.0,0.0,1.3344798229586576,False
ETB,2023-09-13,82.38999938964844,82.38999938964844,82.38999938964844,82.38999938964844,82.38999938964844,0,0.0,0.0,0.0,True
ETB,2023-09-14,85.0,85.0,85.0,85.0,85.0,3789,0.0,0.0,0.04756972561722001,True
ETB,2023-09-15,70.61000061035156,70.61000061035156,70.61000061035156,70.61000061035156,70.61000061035156,14695,0.0,0.0,0.18449118974532808,True
ETB,2023-09-18,75.48999786376953,75.48999786376953,75.48999786376953,75.48999786376953,75.48999786376953,32643,0.0,0.0,0.40982279053125176,True
ETB,2023-09-19,85.0,85.0,85.0,85.0,85.0,3389,0.0,0.0,0.042547849067500296,True
ETB,2023-09-20,80.0,80.0,80.0,80.0,80.0,186,0.0,0.0,0.002335172595619668,True
ETB,2023-09-21,85.0,85.0,85.0,85.0,85.0,3273,0.0,0.0,0.04109150486808158,True
ETB,2023-09-22,61.0,61.0,61.0,61.0,61.0,8254,0.0,0.0,0.10362642260346636,True
ETB,2023-09-25,80.0,80.0,80.0,80.0,80.0,500,0.0,0.0,0.0062773456871496455,True
ETB,2023-09-26,80.0,80.0,80.0,80.0,80.0,0,0.0,0.0,0.0,True
ETB,2026-06-26,70.0,93.0,75.0,82.0,82.0,6377243,0.0,0.0,80.06431768391053,False
ETB,2026-06-29,82.0,82.0,82.0,82.0,82.0,0,0.0,0.0,0.0,True
ETB,2026-06-30,82.0,99.0,92.0,95.5,95.5,3518131,0.0,0.0,44.16904891935494,False
ETB,2026-07-01,95.5,105.0,100.0,101.0,101.0,3271446,0.0,0.0,41.07199487768592,False
ETB,2026-07-02,101.0,104.0,74.5,81.0,81.0,2777032,0.0,0.0,34.86477969655311,False
Nutresa,2025-02-17,118000.0,129000.0,125000.0,125000.0,125000.0,2245,0.0,0.0,0.5040979005276749,False
Nutresa,2025-02-18,125000.0,125000.0,112500.0,117000.0,117000.0,2465,0.0,0.0,0.5534972493544403,False
Nutresa,2025-02-19,92000.0,92000.0,92000.0,92000.0,92000.0,176,0.0,0.0,0.03951947906141237,True
Nutresa,2025-02-20,119900.0,119800.0,111220.0,114980.0,114980.0,3609,0.0,0.0,0.8103738632536207,False
Nutresa,2025-02-21,114980.0,111980.0,103520.0,109980.0,109980.0,4145,0.0,0.0,0.9307286403951948,False
Nutresa,2025-09-26,162960.0,174000.0,174000.0,174000.0,174000.0,194,0.0,0.0,0.04356124396542046,False
Nutresa,2025-09-29,174000.0,174000.0,174000.0,174000.0,174000.0,174,0.0,0.0,0.03907039407207814,True
Nutresa,2025-09-30,149480.0,147980.0,142720.0,147980.0,147980.0,1018,0.0,0.0,0.22858425957112383,False
Nutresa,2025-10-01,174000.0,174000.0,174000.0,174000.0,174000.0,244,0.0,0.0,0.05478836869877624,True
Nutresa,2025-10-02,174000.0,174000.0,174000.0,174000.0,174000.0,159,0.0,0.0,0.035702256652071405,True
Nutresa,2025-10-21,288800.0,317600.0,288800.0,296000.0,296000.0,4164,0.0,0.0,0.9349949477938699,False
Nutresa,2025-10-22,296000.0,300000.0,245000.0,245000.0,245000.0,3321,0.0,0.0,0.7457056247894914,False
Nutresa,2025-10-23,245000.0,220480.0,210000.0,210000.0,210000.0,1423,0.0,0.0,0.3195239699113057,False
Nutresa,2025-10-24,210000.0,220000.0,200000.0,220000.0,220000.0,3807,0.0,0.0,0.8548332771977096,False
Nutresa,2025-10-27,220000.0,240000.0,221000.0,240000.0,240000.0,1979,0.0,0.0,0.4443695969462221,False
Mineros SA,2025-09-26,11500.0,12000.0,11540.0,12000.0,11999.921875,227150,0.0,0.0,2.8321530098249466,False
Mineros SA,2025-09-29,12000.0,12100.0,11980.0,12000.0,11999.921875,437159,0.0,0.0,5.450588499326717,False
Mineros SA,2025-09-30,10200.0,10300.0,9870.0,10000.0,9999.93359375,103786,0.0,0.0,1.2940252356490949,False
Mineros SA,2025-10-01,12580.0,12900.0,12600.0,12740.0,12739.916015625,185231,0.0,0.0,2.3094982793875616,False
Mineros SA,2025-10-02,12740.0,12820.0,12280.0,12460.0,12459.9189453125,126686,0.0,0.0,1.5795471547553739,False
Mineros SA,2025-12-01,15000.0,15580.0,14940.0,15580.0,15579.9267578125,323173,0.0,0.0,4.02938756171762,False
Mineros SA,2025-12-02,15580.0,15500.0,15240.0,15480.0,15479.9287109375,163392,0.0,0.0,2.037205126926338,False
Mineros SA,2025-12-03,13600.0,13340.0,12860.0,13000.0,12999.939453125,328539,0.0,0.0,4.096291955513441,False
Mineros SA,2025-12-04,15660.0,15600.0,15340.0,15480.0,15479.9287109375,81050,0.0,0.0,1.0105481023390355,False
Mineros SA,2025-12-05,15480.0,15560.0,15300.0,15340.0,15339.9287109375,32946,0.0,0.0,0.4107775173308064,False
