universo,variante,portafolio,empresa,sector,peso,contribucion_riesgo
9_empresas,sin_sectores,igual,Celsia,servicios_publicos,0.1111111111111111,0.09508795338985337
9_empresas,sin_sectores,igual,Banco de Bogota,financiero,0.1111111111111111,0.10686995727976577
9_empresas,sin_sectores,igual,Ecopetrol,petroleo_gas,0.1111111111111111,0.1404952586729906
9_empresas,sin_sectores,igual,ETB,telecomunicaciones,0.1111111111111111,0.1285422009356626
9_empresas,sin_sectores,igual,Nutresa,consumo,0.1111111111111111,0.13893278343028503
9_empresas,sin_sectores,igual,Banco Davivienda PF,financiero,0.1111111111111111,0.1156577237429697
9_empresas,sin_sectores,igual,Promigas,servicios_publicos,0.1111111111111111,0.08361916503132047
9_empresas,sin_sectores,igual,Mineros SA,mineria,0.1111111111111111,0.09727650068368
9_empresas,sin_sectores,igual,Grupo Bolivar,financiero,0.1111111111111111,0.09351845683347233
9_empresas,sin_sectores,min_var_muestral,Celsia,servicios_publicos,0.16950711957628206,0.17744085873297163
9_empresas,sin_sectores,min_var_muestral,Banco de Bogota,financiero,0.10358177330425004,0.09880524470685417
9_empresas,sin_sectores,min_var_muestral,Ecopetrol,petroleo_gas,0.016514037465122994,0.013726037789549877
9_empresas,sin_sectores,min_var_muestral,ETB,telecomunicaciones,0.08069400946324422,0.07436986430176554
9_empresas,sin_sectores,min_var_muestral,Nutresa,consumo,0.07170740536610848,0.06517909396258348
9_empresas,sin_sectores,min_var_muestral,Banco Davivienda PF,financiero,0.0717562801423085,0.06522878018864155
9_empresas,sin_sectores,min_var_muestral,Promigas,servicios_publicos,0.18715988743428688,0.20057645146423547
9_empresas,sin_sectores,min_var_muestral,Mineros SA,mineria,0.1475186631127737,0.14985197356021607
9_empresas,sin_sectores,min_var_muestral,Grupo Bolivar,financiero,0.1515608241356232,0.15482169529318207
9_empresas,sin_sectores,min_var_lw,Celsia,servicios_publicos,0.14659321890833515,0.14659404079434096
9_empresas,sin_sectores,min_var_lw,Banco de Bogota,financiero,0.10886318413630565,0.1088632942861587
9_empresas,sin_sectores,min_var_lw,Ecopetrol,petroleo_gas,0.04660314857193656,0.046602912918301716
9_empresas,sin_sectores,min_var_lw,ETB,telecomunicaciones,0.0869518105347475,0.0869519799354216
9_empresas,sin_sectores,min_var_lw,Nutresa,consumo,0.07864895483925988,0.07864859854442866
9_empresas,sin_sectores,min_var_lw,Banco Davivienda PF,financiero,0.09046745773520087,0.09046794184445549
9_empresas,sin_sectores,min_var_lw,Promigas,servicios_publicos,0.1649010285036962,0.16490030621479754
9_empresas,sin_sectores,min_var_lw,Mineros SA,mineria,0.13627773590005374,0.13627746480314953
9_empresas,sin_sectores,min_var_lw,Grupo Bolivar,financiero,0.14069346087046447,0.14069346065894583
9_empresas,sin_sectores,min_cvar,Celsia,servicios_publicos,0.19406069436553197,0.21294142949107564
9_empresas,sin_sectores,min_cvar,Banco de Bogota,financiero,0.06814852765474641,0.05358452033535098
9_empresas,sin_sectores,min_cvar,Ecopetrol,petroleo_gas,0.0,0.0
9_empresas,sin_sectores,min_cvar,ETB,telecomunicaciones,0.07584459418554822,0.06571234417301922
9_empresas,sin_sectores,min_cvar,Nutresa,consumo,0.0789247908453231,0.0746482348334515
9_empresas,sin_sectores,min_cvar,Banco Davivienda PF,financiero,0.09762019318461049,0.09425448251617133
9_empresas,sin_sectores,min_cvar,Promigas,servicios_publicos,0.15525411223476673,0.1452450664882242
9_empresas,sin_sectores,min_cvar,Mineros SA,mineria,0.146869200432011,0.14363582807744996
9_empresas,sin_sectores,min_cvar,Grupo Bolivar,financiero,0.18327788709746207,0.20997809408525717
9_empresas,sin_sectores,paridad_riesgo,Celsia,servicios_publicos,0.12162990772921495,0.11111106475307421
9_empresas,sin_sectores,paridad_riesgo,Banco de Bogota,financiero,0.11158981843017679,0.1111111927704704
9_empresas,sin_sectores,paridad_riesgo,Ecopetrol,petroleo_gas,0.09202466682202552,0.11111108919919199
9_empresas,sin_sectores,paridad_riesgo,ETB,telecomunicaciones,0.10057856655389362,0.11111110395814472
9_empresas,sin_sectores,paridad_riesgo,Nutresa,consumo,0.0962944750628742,0.11111119049556269
9_empresas,sin_sectores,paridad_riesgo,Banco Davivienda PF,financiero,0.10582915227805745,0.11111127703008064
9_empresas,sin_sectores,paridad_riesgo,Promigas,servicios_publicos,0.13070406033766305,0.11111098203512962
9_empresas,sin_sectores,paridad_riesgo,Mineros SA,mineria,0.11939543536740348,0.11111102853932532
9_empresas,sin_sectores,paridad_riesgo,Grupo Bolivar,financiero,0.12195391741869097,0.11111107121902034
9_empresas,sin_sectores,max_sharpe,Celsia,servicios_publicos,0.14848698134873994,0.0761398731878929
9_empresas,sin_sectores,max_sharpe,Banco de Bogota,financiero,1.0973481238268909e-16,2.4836327895118006e-17
9_empresas,sin_sectores,max_sharpe,Ecopetrol,petroleo_gas,0.29999999999999993,0.33168591392499186
9_empresas,sin_sectores,max_sharpe,ETB,telecomunicaciones,0.0,0.0
9_empresas,sin_sectores,max_sharpe,Nutresa,consumo,0.29999999999999977,0.4499001614259901
9_empresas,sin_sectores,max_sharpe,Banco Davivienda PF,financiero,1.671975275244208e-16,6.465422619602868e-17
9_empresas,sin_sectores,max_sharpe,Promigas,servicios_publicos,0.06080909758483738,0.018005680280050722
9_empresas,sin_sectores,max_sharpe,Mineros SA,mineria,0.0,0.0
9_empresas,sin_sectores,max_sharpe,Grupo Bolivar,financiero,0.19070392106642264,0.12426837118107402
9_empresas,sin_sectores,max_retorno_vol_1n,Celsia,servicios_publicos,0.16052558797245134,0.156620368328018
9_empresas,sin_sectores,max_retorno_vol_1n,Banco de Bogota,financiero,0.07925366303319473,0.06217226605726642
9_empresas,sin_sectores,max_retorno_vol_1n,Ecopetrol,petroleo_gas,0.09275658963446702,0.1050628076416146
9_empresas,sin_sectores,max_retorno_vol_1n,ETB,telecomunicaciones,0.06128222941837568,0.048262988538999005
9_empresas,sin_sectores,max_retorno_vol_1n,Nutresa,consumo,0.13398338301783144,0.18790343940881873
9_empresas,sin_sectores,max_retorno_vol_1n,Banco Davivienda PF,financiero,0.0304175019019284,0.023072051179099485
9_empresas,sin_sectores,max_retorno_vol_1n,Promigas,servicios_publicos,0.1683920233985796,0.16045347130764448
9_empresas,sin_sectores,max_retorno_vol_1n,Mineros SA,mineria,0.1216213479856114,0.10615795858872125
9_empresas,sin_sectores,max_retorno_vol_1n,Grupo Bolivar,financiero,0.1517676736375603,0.15029464894981803
9_empresas,con_sectores,igual,Celsia,servicios_publicos,0.1111111111111111,0.09508795338985337
9_empresas,con_sectores,igual,Banco de Bogota,financiero,0.1111111111111111,0.10686995727976577
9_empresas,con_sectores,igual,Ecopetrol,petroleo_gas,0.1111111111111111,0.1404952586729906
9_empresas,con_sectores,igual,ETB,telecomunicaciones,0.1111111111111111,0.1285422009356626
9_empresas,con_sectores,igual,Nutresa,consumo,0.1111111111111111,0.13893278343028503
9_empresas,con_sectores,igual,Banco Davivienda PF,financiero,0.1111111111111111,0.1156577237429697
9_empresas,con_sectores,igual,Promigas,servicios_publicos,0.1111111111111111,0.08361916503132047
9_empresas,con_sectores,igual,Mineros SA,mineria,0.1111111111111111,0.09727650068368
9_empresas,con_sectores,igual,Grupo Bolivar,financiero,0.1111111111111111,0.09351845683347233
9_empresas,con_sectores,min_var_muestral,Celsia,servicios_publicos,0.16950711800374121,0.17744085637504473
9_empresas,con_sectores,min_var_muestral,Banco de Bogota,financiero,0.10358177329784321,0.09880524478725079
9_empresas,con_sectores,min_var_muestral,Ecopetrol,petroleo_gas,0.016514037597262804,0.013726037923369785
9_empresas,con_sectores,min_var_muestral,ETB,telecomunicaciones,0.08069400902176829,0.07436986373041946
9_empresas,con_sectores,min_var_muestral,Nutresa,consumo,0.07170740595236323,0.06517909489332836
9_empresas,con_sectores,min_var_muestral,Banco Davivienda PF,financiero,0.07175628157082048,0.06522878183961475
9_empresas,con_sectores,min_var_muestral,Promigas,servicios_publicos,0.187159887551263,0.2005764517518498
9_empresas,con_sectores,min_var_muestral,Mineros SA,mineria,0.1475186630758311,0.14985197360660432
9_empresas,con_sectores,min_var_muestral,Grupo Bolivar,financiero,0.15156082392910664,0.15482169509251795
9_empresas,con_sectores,min_var_lw,Celsia,servicios_publicos,0.1465932199029504,0.14659404208768484
9_empresas,con_sectores,min_var_lw,Banco de Bogota,financiero,0.10886318394648692,0.1088632938847172
9_empresas,con_sectores,min_var_lw,Ecopetrol,petroleo_gas,0.046603147667807016,0.04660291179761203
9_empresas,con_sectores,min_var_lw,ETB,telecomunicaciones,0.08695181199758686,0.08695198227475495
9_empresas,con_sectores,min_var_lw,Nutresa,consumo,0.0786489556679134,0.07864859992655106
9_empresas,con_sectores,min_var_lw,Banco Davivienda PF,financiero,0.09046745654140037,0.09046794022795147
9_empresas,con_sectores,min_var_lw,Promigas,servicios_publicos,0.16490102796466416,0.16490030531091981
9_empresas,con_sectores,min_var_lw,Mineros SA,mineria,0.13627773545587812,0.13627746397043883
9_empresas,con_sectores,min_var_lw,Grupo Bolivar,financiero,0.14069346085531279,0.14069346051936982
9_empresas,con_sectores,min_cvar,Celsia,servicios_publicos,0.19406069436553317,0.21294142949107747
9_empresas,con_sectores,min_cvar,Banco de Bogota,financiero,0.06814852765474481,0.05358452033534921
9_empresas,con_sectores,min_cvar,Ecopetrol,petroleo_gas,0.0,0.0
9_empresas,con_sectores,min_cvar,ETB,telecomunicaciones,0.07584459418554702,0.06571234417301752
9_empresas,con_sectores,min_cvar,Nutresa,consumo,0.07892479084532306,0.0746482348334513
9_empresas,con_sectores,min_cvar,Banco Davivienda PF,financiero,0.09762019318461068,0.09425448251617147
9_empresas,con_sectores,min_cvar,Promigas,servicios_publicos,0.15525411223476634,0.14524506648822352
9_empresas,con_sectores,min_cvar,Mineros SA,mineria,0.1468692004320132,0.1436358280774533
9_empresas,con_sectores,min_cvar,Grupo Bolivar,financiero,0.1832778870974617,0.20997809408525617
9_empresas,con_sectores,paridad_riesgo,Celsia,servicios_publicos,0.12162997318807724,0.11111116940128311
9_empresas,con_sectores,paridad_riesgo,Banco de Bogota,financiero,0.1115899940246103,0.11111147575912776
9_empresas,con_sectores,paridad_riesgo,Ecopetrol,petroleo_gas,0.09202484991213941,0.11111139792384203
9_empresas,con_sectores,paridad_riesgo,ETB,telecomunicaciones,0.10057853850536157,0.11111105323827018
9_empresas,con_sectores,paridad_riesgo,Nutresa,consumo,0.09629414664674789,0.11111054958675116
9_empresas,con_sectores,paridad_riesgo,Banco Davivienda PF,financiero,0.10582903009837491,0.11111113959260825
9_empresas,con_sectores,paridad_riesgo,Promigas,servicios_publicos,0.13070383611322103,0.11111069349332256
9_empresas,con_sectores,paridad_riesgo,Mineros SA,mineria,0.11939576245779615,0.11111151547351893
9_empresas,con_sectores,paridad_riesgo,Grupo Bolivar,financiero,0.12195386905367152,0.11111100553127612
9_empresas,con_sectores,max_sharpe,Celsia,servicios_publicos,0.1484869747334532,0.07613986766794127
9_empresas,con_sectores,max_sharpe,Banco de Bogota,financiero,1.273937522413426e-16,2.8833083315541597e-17
9_empresas,con_sectores,max_sharpe,Ecopetrol,petroleo_gas,0.2999999999999998,0.3316859120158488
9_empresas,con_sectores,max_sharpe,ETB,telecomunicaciones,1.3159503565972392e-16,3.377584500193545e-17
9_empresas,con_sectores,max_sharpe,Nutresa,consumo,0.3,0.44990015922869103
9_empresas,con_sectores,max_sharpe,Banco Davivienda PF,financiero,6.942959359483631e-17,2.684798448289639e-17
9_empresas,con_sectores,max_sharpe,Promigas,servicios_publicos,0.0608090928422647,0.018005678163862466
9_empresas,con_sectores,max_sharpe,Mineros SA,mineria,7.258733242220034e-17,1.6051460585409196e-17
9_empresas,con_sectores,max_sharpe,Grupo Bolivar,financiero,0.19070393242428182,0.12426838292365634
9_empresas,con_sectores,max_retorno_vol_1n,Celsia,servicios_publicos,0.16052558794500987,0.15662036834923992
9_empresas,con_sectores,max_retorno_vol_1n,Banco de Bogota,financiero,0.07925366232004677,0.06217226527750565
9_empresas,con_sectores,max_retorno_vol_1n,Ecopetrol,petroleo_gas,0.0927565898889258,0.10506280806861823
9_empresas,con_sectores,max_retorno_vol_1n,ETB,telecomunicaciones,0.06128222905161458,0.04826298811207976
9_empresas,con_sectores,max_retorno_vol_1n,Nutresa,consumo,0.13398338279234703,0.18790343887463307
9_empresas,con_sectores,max_retorno_vol_1n,Banco Davivienda PF,financiero,0.03041750272187448,0.02307205188116451
9_empresas,con_sectores,max_retorno_vol_1n,Promigas,servicios_publicos,0.16839202358523517,0.1604534716177787
9_empresas,con_sectores,max_retorno_vol_1n,Mineros SA,mineria,0.1216213477114183,0.10615795825036102
9_empresas,con_sectores,max_retorno_vol_1n,Grupo Bolivar,financiero,0.15176767398352806,0.15029464956861915
liquidas,sin_sectores,igual,Celsia,servicios_publicos,0.25,0.20648759303048622
liquidas,sin_sectores,igual,Banco de Bogota,financiero,0.25,0.25577548355146884
liquidas,sin_sectores,igual,Ecopetrol,petroleo_gas,0.25,0.2965588386545218
liquidas,sin_sectores,igual,Banco Davivienda PF,financiero,0.25,0.24117808476352304
liquidas,sin_sectores,min_var_muestral,Celsia,servicios_publicos,0.3000000000000001,0.2740698670710587
liquidas,sin_sectores,min_var_muestral,Banco de Bogota,financiero,0.2387274380217637,0.24823897919699053
liquidas,sin_sectores,min_var_muestral,Ecopetrol,petroleo_gas,0.161272561978236,0.16471813375474564
liquidas,sin_sectores,min_var_muestral,Banco Davivienda PF,financiero,0.3000000000000001,0.31297301997720517
liquidas,sin_sectores,min_var_lw,Celsia,servicios_publicos,0.3,0.2742700883343549
liquidas,sin_sectores,min_var_lw,Banco de Bogota,financiero,0.2378987472764529,0.24664308468707838
liquidas,sin_sectores,min_var_lw,Ecopetrol,petroleo_gas,0.16795065970472003,0.1741240270681633
liquidas,sin_sectores,min_var_lw,Banco Davivienda PF,financiero,0.2941505930188271,0.30496279991040337
liquidas,sin_sectores,min_cvar,Celsia,servicios_publicos,0.3,0.2745305620697367
liquidas,sin_sectores,min_cvar,Banco de Bogota,financiero,0.23161796464840562,0.23687012572740043
liquidas,sin_sectores,min_cvar,Ecopetrol,petroleo_gas,0.1683820353515944,0.17516163369133586
liquidas,sin_sectores,min_cvar,Banco Davivienda PF,financiero,0.3,0.31343767851152704
liquidas,sin_sectores,paridad_riesgo,Celsia,servicios_publicos,0.28288534242841223,0.24999968469949224
liquidas,sin_sectores,paridad_riesgo,Banco de Bogota,financiero,0.24310005114530064,0.25000034439020896
liquidas,sin_sectores,paridad_riesgo,Ecopetrol,petroleo_gas,0.21946972100361506,0.24999971952595348
liquidas,sin_sectores,paridad_riesgo,Banco Davivienda PF,financiero,0.2545448854226721,0.25000025138434534
liquidas,sin_sectores,max_sharpe,Celsia,servicios_publicos,0.30000000000000066,0.25152071257250186
liquidas,sin_sectores,max_sharpe,Banco de Bogota,financiero,0.30000000000000066,0.3157544979681925
liquidas,sin_sectores,max_sharpe,Ecopetrol,petroleo_gas,0.30000000000000066,0.35951040220288305
liquidas,sin_sectores,max_sharpe,Banco Davivienda PF,financiero,0.09999999999999808,0.07321438725642264
liquidas,sin_sectores,max_retorno_vol_1n,Celsia,servicios_publicos,0.29999999999999993,0.26830557824026385
liquidas,sin_sectores,max_retorno_vol_1n,Banco de Bogota,financiero,0.21708604997349454,0.2037548700140971
liquidas,sin_sectores,max_retorno_vol_1n,Ecopetrol,petroleo_gas,0.26990450772669544,0.33267972000497953
liquidas,sin_sectores,max_retorno_vol_1n,Banco Davivienda PF,financiero,0.21300944229981006,0.19525983174065933
liquidas,con_sectores,igual,Celsia,servicios_publicos,0.3,0.26398043944313665
liquidas,con_sectores,igual,Banco de Bogota,financiero,0.20000000000000057,0.17545510262680752
liquidas,con_sectores,igual,Ecopetrol,petroleo_gas,0.3,0.3832259969399382
liquidas,con_sectores,igual,Banco Davivienda PF,financiero,0.19999999999999946,0.1773384609901176
liquidas,con_sectores,min_var_muestral,Celsia,servicios_publicos,0.3,0.2638472756714159
liquidas,con_sectores,min_var_muestral,Banco de Bogota,financiero,0.20319384797384718,0.17961824011919145
liquidas,con_sectores,min_var_muestral,Ecopetrol,petroleo_gas,0.3,0.3828471663827591
liquidas,con_sectores,min_var_muestral,Banco Davivienda PF,financiero,0.19680615202615284,0.17368731782663357
liquidas,con_sectores,min_var_lw,Celsia,servicios_publicos,0.3,0.263866045480012
liquidas,con_sectores,min_var_lw,Banco de Bogota,financiero,0.20276899541381888,0.17906269538578148
liquidas,con_sectores,min_var_lw,Ecopetrol,petroleo_gas,0.3,0.38289909227121527
liquidas,con_sectores,min_var_lw,Banco Davivienda PF,financiero,0.19723100458618112,0.17417216686299125
liquidas,con_sectores,min_cvar,Celsia,servicios_publicos,0.30000000000000004,0.26430064867664516
liquidas,con_sectores,min_cvar,Banco de Bogota,financiero,0.18889691754808124,0.16122882259300456
liquidas,con_sectores,min_cvar,Ecopetrol,petroleo_gas,0.3,0.3843353499371499
liquidas,con_sectores,min_cvar,Banco Davivienda PF,financiero,0.21110308245191883,0.19013517879320047
liquidas,con_sectores,paridad_riesgo,Celsia,servicios_publicos,0.30000000000000004,0.2633598407111832
liquidas,con_sectores,paridad_riesgo,Banco de Bogota,financiero,0.2124213664752055,0.19181223653124352
liquidas,con_sectores,paridad_riesgo,Ecopetrol,petroleo_gas,0.3,0.38160379663238503
liquidas,con_sectores,paridad_riesgo,Banco Davivienda PF,financiero,0.18757863352479454,0.16322412612518822
liquidas,con_sectores,max_sharpe,Celsia,servicios_publicos,0.3000000000000001,0.25152071257250136
liquidas,con_sectores,max_sharpe,Banco de Bogota,financiero,0.30000000000000043,0.31575449796819227
liquidas,con_sectores,max_sharpe,Ecopetrol,petroleo_gas,0.30000000000000043,0.35951040220288294
liquidas,con_sectores,max_sharpe,Banco Davivienda PF,financiero,0.09999999999999892,0.07321438725642342
liquidas,con_sectores,max_retorno_vol_1n,Celsia,servicios_publicos,0.29999999999999993,0.26373789086828453
liquidas,con_sectores,max_retorno_vol_1n,Banco de Bogota,financiero,0.20553799096100947,0.18269300748309314
liquidas,con_sectores,max_retorno_vol_1n,Ecopetrol,petroleo_gas,0.3000000000000001,0.3825522193572622
liquidas,con_sectores,max_retorno_vol_1n,Banco Davivienda PF,financiero,0.19446200903899052,0.17101688229136017
