universo,empresa,retorno_anual_train,volatilidad_anual_train,observaciones_usadas,filas_descartadas
9_empresas,Celsia,0.013443552843743548,0.2999803211118344,1039,4
9_empresas,Banco de Bogota,-0.1177413147027755,0.38035806103641456,1039,4
9_empresas,Ecopetrol,0.12116304554793488,0.3977987055117604,1039,4
9_empresas,ETB,-0.11562750256328613,0.47961785417948777,1039,4
9_empresas,Nutresa,0.3062533928872091,0.5259100416839411,1039,4
9_empresas,Banco Davivienda PF,-0.13555245173425562,0.3138031025986439,1039,4
9_empresas,Promigas,-0.0022105009153466962,0.318315788234742,1039,4
9_empresas,Mineros SA,-0.05709975646476603,0.3418772163356174,1039,4
9_empresas,Grupo Bolivar,0.02347595688603512,0.36251311079168747,1039,4
liquidas,Celsia,0.013443552843743548,0.2999803211118344,1039,4
liquidas,Banco de Bogota,-0.1177413147027755,0.38035806103641456,1039,4
liquidas,Ecopetrol,0.12116304554793488,0.3977987055117604,1039,4
liquidas,Banco Davivienda PF,-0.13555245173425562,0.3138031025986439,1039,4
