empresa,iliquida_train,comparacion,qlike_garch,qlike_referencia,dm_estadistico,pvalor,pvalor_holm
Celsia,False,garch_vs_ewma,1.9220146488717313,1.8076385415893268,1.9724825777809252,0.04966095678542858,0.6952533949960001
Celsia,False,garch_vs_constante,1.9220146488717313,1.9734172523764815,-1.1809876911805393,0.23873442514318982,1.0
Banco de Bogota,False,garch_vs_ewma,1.9632272125139747,1.828652869338359,1.2299157519310187,0.21988943383131285,1.0
Banco de Bogota,False,garch_vs_constante,1.9632272125139747,2.17860386191545,-9.113068062460469,2.732792473359087e-17,4.919026452046357e-16
Ecopetrol,False,garch_vs_ewma,2.090148830424996,2.0768043090755204,0.20399882753687945,0.8385210452027726,1.0
Ecopetrol,False,garch_vs_constante,2.090148830424996,2.2889506216041053,-6.227188843120006,2.0060010819814782e-09,3.209601731170365e-08
ETB,True,garch_vs_ewma,1251502.3658769683,3.462013742132769,1.3483937640508261,0.1787668879016863,1.0
ETB,True,garch_vs_constante,1251502.3658769683,2.731266770259141,1.3483933186983645,0.17876703087278162,1.0
Nutresa,True,garch_vs_ewma,2.88618899349531,3.500483388963445,-0.9692711150829054,0.3333580881526816,1.0
Nutresa,True,garch_vs_constante,2.88618899349531,3.2120616832235753,-1.8136467780286265,0.07094565145098874,0.8513478174118649
Banco Davivienda PF,False,garch_vs_ewma,2.092530223115916,2.0901995226430516,0.04592880229926099,0.9634038106706568,1.0
Banco Davivienda PF,False,garch_vs_constante,2.092530223115916,2.1605886885353422,-1.7325084304042055,0.08442130019398217,0.8513478174118649
Promigas,True,garch_vs_ewma,2.7760472793040303,2.3641320291945105,1.8840873926491586,0.06073723518518776,0.7895840574074409
Promigas,True,garch_vs_constante,2.7760472793040303,2.2100549608153695,6.910922161032767,4.140392399380407e-11,7.038667078946692e-10
Mineros SA,True,garch_vs_ewma,2.3616522936745072,2.4384050267692046,-1.0808706163337487,0.2807838960076382,1.0
Mineros SA,True,garch_vs_constante,2.3616522936745072,2.5358780863093364,-1.8019050335738516,0.07275068378338215,0.8513478174118649
Grupo Bolivar,True,garch_vs_ewma,2.026831833542712,2.0913102982037115,-0.9030786763316997,0.3673569407570115,1.0
Grupo Bolivar,True,garch_vs_constante,2.026831833542712,2.190728848450117,-2.6602831126424182,0.008314577611432202,0.12471866417148303
