empresa,mu,omega,alpha,beta,nu,persistencia,estacionario,convergio,loglik,bic,lb_z_pvalor,lb_z2_pvalor,qlike_garch,mse_garch,qlike_constante,mse_constante,qlike_ewma,mse_ewma,dm_qlike_vs_constante,dm_pvalor_vs_constante,dm_qlike_vs_ewma,dm_pvalor_vs_ewma,iliquida_train
Celsia,-0.010532864666945505,0.3133647793962287,0.19343019965941183,0.8058339324535857,2.7487220782022557,0.9992641321129976,True,True,-1936.4199132125666,3907.5698963806294,0.01673891689243203,0.9992501752882554,1.9220146488717345,50.33430459041419,1.9734172523764841,48.37020165157488,1.8076385415893315,46.336817155731175,-1.1809876911805421,0.2387344251431887,1.9724825777808916,0.04966095678543247,False
Banco de Bogota,-0.04251403424702485,0.02550824737447913,0.017471824512860046,0.9825282072197924,2.4982335182656157,1.0000000317326525,False,True,-2095.616894945273,4225.963859846042,0.35326490787787784,0.9999999401426395,1.963227212513977,42.66825526384111,2.1786038619154513,52.54460613416619,1.8286528693383637,39.32837394142605,-9.113068062460435,2.7327924733597056e-17,1.2299157519309953,0.21988943383132156,False
Ecopetrol,0.09079706654769647,0.24535260860346045,0.0809223318862964,0.889296464973719,3.5687868303264993,0.9702187968600153,True,True,-2252.280209965086,4539.290489885669,0.38499952667873233,0.052816536752997655,2.0901488304249987,28.584313162680292,2.288950621604107,39.2780209110352,2.0768043090755253,26.51068540422258,-6.227188843119959,2.0060010819820056e-09,0.20399882753684714,0.8385210452027978,False
ETB,-3.5954523621368034e-06,9.200363252681313e-08,0.47650594937572005,0.5234940506145381,2.2754822584703107,0.9999999999902582,True,True,-2002.3395228386917,4039.4091156328795,0.9999999999999998,0.9999999999999958,1251502.3658769706,941.7913499987321,2.7312667702591416,744.0153106885695,3.462013742132772,747.5137991551214,1.3483933186983645,0.17876703087278162,1.348393764050826,0.1787668879016863,True
Nutresa,-0.019069032518060955,3.767611573645476,0.8193921340128546,0.18060786598714526,2.2588554543129495,0.9999999999999999,True,True,-1994.708986736613,4024.1624595847925,0.9926367034882883,0.9999999003868499,2.8861889934953115,1563.695577877966,3.2120616832235767,1172.5082704952813,3.5004833889634472,1121.0474554537282,-1.8136467780286256,0.0709456514509889,-0.9692711150829071,0.33335808815268075,True
Banco Davivienda PF,-0.08098549821260304,0.38619618245850756,0.13744989339902233,0.7774665967496058,3.891771247423831,0.9149164901486282,True,True,-2032.5549060139776,4099.839881983451,0.37171328771193607,0.02550085888983519,2.0925302231159195,59.136766163009206,2.160588688535346,59.16295804986253,2.090199522643056,58.37887344179857,-1.732508430404191,0.08442130019398478,0.045928802299242615,0.9634038106706715,False
Promigas,0.004151097573436216,4.695240381548151,0.4854594650273289,0.5145405349726712,2.1099578076180694,1.0,False,True,-1944.3308445824268,3923.39175912035,0.00525577177488598,0.6558534557145458,2.776047279304031,161.27300727619806,2.210054960815372,57.12112357639324,2.3641320291945136,58.75453388248039,6.9109221610327385,4.140392399381109e-11,1.8840873926491453,0.06073723518518957,True
Mineros SA,-0.02466371034633312,0.4982120700874911,0.2788536001313343,0.7211463998686658,2.5128398127156677,1.0,False,True,-1940.7970237296727,3916.3241174148416,0.6835805207804422,0.7579601953136862,2.3616522936745095,114.48043511737234,2.5358780863093395,120.37593820621967,2.438405026769208,114.44639003115063,-1.8019050335738531,0.0727506837833819,-1.0808706163337622,0.2807838960076322,True
Grupo Bolivar,0.0024021551277326604,0.18187177234016438,0.16351393216378052,0.8364860688237402,2.316050688802342,1.0000000009875207,False,True,-1913.0364688214097,3860.8030075983156,0.11652665995165487,0.9764295658212524,2.0268318335427153,51.166535788681635,2.190728848450119,54.248482974042055,2.0913102982037164,50.18898588733607,-2.6602831126423943,0.008314577611432773,-0.9030786763317146,0.36735694075700365,True
