empresa,n,iliquida_train,rmse_mlp,mae_mlp,rmse_lstm,mae_lstm,rmse_random_forest,mae_random_forest,rmse_gradient_boosting,mae_gradient_boosting,rmse_arima,mae_arima,rmse_media_train,mae_media_train,rmse_cero,mae_cero,dm_pvalor_mlp_vs_media,dm_pvalor_lstm_vs_media,dm_pvalor_random_forest_vs_media,dm_pvalor_gradient_boosting_vs_media
Todas,1631,False,0.019171541172349087,0.012087725311450517,0.01912881561744489,0.011988850714913835,0.01905316366174986,0.011553565037807875,0.019027632378368384,0.011609806377282648,0.019243372644776206,0.011890980649058691,0.019152771927463275,0.011494220982762766,0.01913634601609033,0.011314145327080909,0.839976566768775,0.803881861577612,0.1359318489665585,0.15152744227223583
Banco Davivienda PF,187,False,0.018800376344725964,0.013205653759934212,0.018508458418210343,0.013139651438755427,0.018605938729558433,0.013157830128461967,0.01859345144450605,0.013263702284613736,0.018740142289810486,0.013144711940581469,0.018740139533798238,0.013144703086622704,0.01871418247984925,0.013015227046640246,0.6542829076822662,0.4258185401407835,0.639324569263772,0.6930266966468818
Banco de Bogota,187,False,0.01631066100471339,0.010701469567284148,0.01658746725104209,0.01079905793841046,0.01638448560050488,0.010703606396373657,0.016387454384366448,0.010764627500593529,0.016488370157385746,0.01078090778997629,0.016488365323283734,0.010780896714940657,0.01643297847913757,0.010650553815917027,0.33430351377317485,0.703537532475391,0.24171703247168194,0.5342353999099013
Celsia,187,False,0.017090092815066894,0.011927954852718916,0.017121516247540755,0.011955514336783853,0.017058611966067953,0.011816709664782132,0.016998693148012074,0.011813259325164957,0.01743828621513959,0.012009185811704006,0.01726081817974612,0.011791502522485195,0.017246828066972177,0.011766840771725719,0.48776576568822017,0.6616092236070215,0.42311326905848856,0.45839788410321386
ETB,159,True,0.024015842851582578,0.00948333159484552,0.023381804916538462,0.007838702759278612,0.02349851024171473,0.006943409024355775,0.023443966040328893,0.007121971331824642,0.024576367027615727,0.00972556426463678,0.023307428174091326,0.006642732339296606,0.023331896916524694,0.005841418918855501,0.03732544707892565,0.7383881306945332,0.1115021732410417,0.2984014819149079
Ecopetrol,187,False,0.016430447749411523,0.0116934938182229,0.016571503809218006,0.011907916454434996,0.016577691237883597,0.011654461817659495,0.01674287128367729,0.011734050819866032,0.01671186859394996,0.011854685323319606,0.016542090651448706,0.011627005577793687,0.01652796122331663,0.011601846722150012,0.22240555681544394,0.9286870248468353,0.5374679419392331,0.07080523883713497
Grupo Bolivar,187,True,0.01837166681122899,0.011950270804361727,0.018371597812087644,0.011924967564451255,0.018183303186860046,0.011569797645953379,0.018039778215452593,0.011507191864699107,0.01814562746912991,0.011456977912988943,0.018145623360057775,0.011456968567966803,0.018133370269641354,0.011427564316686019,0.08570246959852844,0.3271101238067922,0.7660180364958007,0.6762896786657601
Mineros SA,224,True,0.022686291930658055,0.015023296814001223,0.022627254940638275,0.015822289543429496,0.02234099005600211,0.014705466565696764,0.02224634712463538,0.014746421221734474,0.022464399269890353,0.01481609132875531,0.022529583995309757,0.014622725702847521,0.022449244974446565,0.01444763825151224,0.5913101115688728,0.7520840545928443,0.35853215072539457,0.2830157365317745
Nutresa,159,True,0.019181880569267087,0.012011239120189837,0.01921925319046969,0.011355485141651855,0.01898273681890761,0.010545285878444215,0.01903371812193977,0.010674151155091295,0.018969597054786878,0.010479006790018612,0.018969592342911748,0.010479026663446276,0.01905201316600496,0.01018985235102725,0.5912181029656369,0.37481471368315183,0.9348459917017171,0.7648083956645979
Promigas,154,True,0.018003680144860427,0.011751176291411048,0.01831531298065023,0.011615439194857016,0.01848555940900428,0.011392128047072991,0.018459494796264433,0.011391706666276345,0.018109026593537268,0.011582912478510907,0.019076063845766107,0.011385862884141685,0.019056904271887328,0.011270959859387048,0.020173307964667788,0.019393432558217846,0.07237365692869771,0.06627746899149081
