empresa,p,q,n_train,n_validacion,avisos_ajuste,lb_resid_pvalor,lb_resid2_pvalor,mae_arima,rmse_arima,mae_cero,rmse_cero,dm_vs_cero,dm_pvalor_vs_cero,mae_media_train,rmse_media_train,dm_vs_media_train,dm_pvalor_vs_media_train,iliquida_train
Celsia,2,0,1039,250,,0.3297090640057801,5.137392539010018e-08,0.010796172003996319,0.015978493838112135,0.010595126170729692,0.015825691875413453,0.6351722247578812,0.5258993411947462,0.010620054535010902,0.015835669332415644,0.5924308255470423,0.5540997258668421,False
Banco de Bogota,0,0,1039,250,,0.05201710974994236,0.48568689825240785,0.009962989702875331,0.015301666803428073,0.009886274654097079,0.01527428438548402,0.5678636823386393,0.5706392138113521,0.00996298202490429,0.015301663731948694,0.9612774409845982,0.33734522492059194,False
Ecopetrol,1,0,1039,250,,0.08772721098569036,1.1722852105154322e-53,0.012225505286845276,0.016760980410762908,0.011940351790982063,0.016582794373648922,1.449583346193273,0.14843305164284132,0.011958521690037287,0.016592054836117136,1.3811079291110824,0.16848398180291763,False
ETB,0,3,1039,248,,0.03310836581772497,2.0538667845798065e-35,0.008737084306900877,0.022312140819004758,0.005429617835316663,0.021694413170833687,0.9229453502969478,0.35693636921093724,0.006242739889361445,0.02167120494616648,0.9448155596704914,0.3456763439637875,True
Nutresa,0,0,1042,248,,0.8243176121853568,0.9999997768430341,0.015019428556049067,0.030174583101020436,0.014707510422743864,0.030223338571404194,-1.0524185520044387,0.2936360354258018,0.01501944999401308,0.03017458035393694,0.8620716226321399,0.3894842771027075,True
Banco Davivienda PF,0,0,1039,250,,0.06093960492079521,7.041496774580224e-107,0.012564476087056433,0.017650571087221834,0.01247642635917639,0.017646899672005674,0.07897428379603277,0.9371165073608595,0.012564470066364472,0.017650569793420827,0.407048766242029,0.6843218590275294,False
Promigas,0,1,1039,246,,0.8503684456941523,0.032608919918446326,0.01125606085529638,0.017702325592350434,0.010571355887562035,0.018125028785479082,-1.2350388398065335,0.21799913384159425,0.010689528510582049,0.01815231787249725,-1.3102978738115656,0.19132217242078117,True
Mineros SA,1,0,1039,254,,0.9798596217976034,1.6259764272794396e-12,0.01423109752278879,0.02156231977404576,0.01387939620066434,0.021551900372506153,0.05128471716915426,0.9591391130171906,0.014055349310521183,0.02162666416450398,-0.32405327488049424,0.7461654362645458,True
Grupo Bolivar,0,0,1039,250,,0.3215086150315473,0.9992790145944133,0.010891335109321037,0.017145076023469295,0.010866190686424365,0.017139146727539745,0.5957924645377479,0.5518550405168976,0.01089132712066211,0.01714507391123883,0.6681531962267405,0.5046546684114271,True
