empresa,p,q,aic,bic,convergio,avisos
Celsia,0,0,4271.31968418838,4281.211712170579,True,
Celsia,0,1,4259.722832119482,4274.560874092779,True,
Celsia,0,2,4249.185046219292,4268.96910218369,True,
Celsia,0,3,4250.148706321046,4274.878776276542,True,
Celsia,1,0,4256.88999528109,4271.728037254387,True,
Celsia,1,1,4251.405071029685,4271.1891269940825,True,
Celsia,1,2,4250.282753434944,4275.012823390441,True,
Celsia,1,3,4249.081059814142,4278.757143760737,True,
Celsia,2,0,4248.607655522403,4268.3917114868,True,
Celsia,2,1,4250.569419072699,4275.299489028195,True,
Celsia,2,2,4252.2388794299395,4281.914963376535,True,
Celsia,2,3,4250.894572115838,4285.516670053533,True,
Celsia,3,0,4250.551072934541,4275.281142890037,True,
Celsia,3,1,4249.020849127446,4278.696933074041,True,
Celsia,3,2,4251.344444966044,4285.966542903739,True,
Celsia,3,3,4251.29927649713,4290.867388425924,True,
Banco de Bogota,0,0,4809.796393627594,4819.688421609792,True,
Banco de Bogota,0,1,4809.911109585479,4824.749151558776,True,
Banco de Bogota,0,2,4811.837288521316,4831.621344485713,True,
Banco de Bogota,0,3,4813.790934458322,4838.521004413818,True,
Banco de Bogota,1,0,4809.880807354079,4824.718849327376,True,
Banco de Bogota,1,1,4810.236343843294,4830.020399807691,True,
Banco de Bogota,1,2,4813.843370290186,4838.573440245682,True,
Banco de Bogota,1,3,4813.697958443296,4843.374042389891,True,
Banco de Bogota,2,0,4811.823218362171,4831.607274326569,True,
Banco de Bogota,2,1,4813.825731097586,4838.555801053082,True,Non-invertible starting MA parameters found. Using zeros as starting parameters. | Non-stationary starting autoregressive parameters found. Using zeros as starting parameters.
Banco de Bogota,2,2,4811.483241971632,4841.159325918227,True,
Banco de Bogota,2,3,4808.329603326748,4842.951701264443,False,Maximum Likelihood optimization failed to converge. Check mle_retvals
Banco de Bogota,3,0,4813.7523478482535,4838.48241780375,True,
Banco de Bogota,3,1,4813.6826462069175,4843.358730153513,True,
Banco de Bogota,3,2,4815.162101708807,4849.784199646502,False,Maximum Likelihood optimization failed to converge. Check mle_retvals | Non-invertible starting MA parameters found. Using zeros as starting parameters.
Banco de Bogota,3,3,4812.267901991548,4851.836013920341,False,Maximum Likelihood optimization failed to converge. Check mle_retvals | Non-invertible starting MA parameters found. Using zeros as starting parameters. | Non-stationary starting autoregressive parameters found. Using zeros as starting parameters.
Ecopetrol,0,0,4885.669615255903,4895.561643238102,True,
Ecopetrol,0,1,4878.538438639412,4893.376480612709,True,
Ecopetrol,0,2,4879.345055586061,4899.129111550458,True,
Ecopetrol,0,3,4881.050791329182,4905.780861284678,True,
Ecopetrol,1,0,4877.935570655478,4892.7736126287755,True,
Ecopetrol,1,1,4876.7822133158315,4896.566269280229,True,
Ecopetrol,1,2,4878.5871181833045,4903.317188138801,True,
Ecopetrol,1,3,4879.940396927013,4909.616480873608,True,
Ecopetrol,2,0,4878.970709158682,4898.75476512308,True,
Ecopetrol,2,1,4878.604384116547,4903.334454072044,True,
Ecopetrol,2,2,4880.500400512412,4910.176484459007,True,
Ecopetrol,2,3,4881.83921134942,4916.461309287115,True,
Ecopetrol,3,0,4880.348236830552,4905.078306786048,True,
Ecopetrol,3,1,4879.943811552021,4909.619895498616,True,
Ecopetrol,3,2,4874.016173075803,4908.638271013498,True,
Ecopetrol,3,3,4874.113201401517,4913.68131333031,True,
ETB,0,0,5258.347688342961,5268.23971632516,True,
ETB,0,1,5161.964852960831,5176.802894934129,True,
ETB,0,2,5161.294128825124,5181.078184789521,True,
ETB,0,3,5146.5870869670725,5171.317156922569,True,
ETB,1,0,5173.981481648549,5188.819523621846,True,
ETB,1,1,5159.135750073833,5178.9198060382305,True,
ETB,1,2,5159.762637733356,5184.4927076888525,True,
ETB,1,3,5146.775857816668,5176.451941763263,True,
ETB,2,0,5172.624318734765,5192.408374699163,True,
ETB,2,1,5158.142503041209,5182.8725729967055,True,Non-invertible starting MA parameters found. Using zeros as starting parameters. | Non-stationary starting autoregressive parameters found. Using zeros as starting parameters.
ETB,2,2,5154.800642943968,5184.476726890563,True,
ETB,2,3,5137.909640784923,5172.531738722618,True,
ETB,3,0,5147.650800785212,5172.380870740708,True,
ETB,3,1,5146.590065759078,5176.266149705673,True,
ETB,3,2,5139.276665793028,5173.898763730723,True,
ETB,3,3,5138.277118989299,5177.845230918093,True,
Nutresa,0,0,5267.593025243638,5277.490819688265,True,
Nutresa,0,1,5268.68595157125,5283.532643238191,True,
Nutresa,0,2,5270.672717065458,5290.468305954711,True,
Nutresa,0,3,5272.472502919767,5297.2169890313335,True,
Nutresa,1,0,5268.679464639416,5283.526156306357,True,
Nutresa,1,1,5268.099035297173,5287.894624186426,True,
Nutresa,1,2,5269.695655443874,5294.44014155544,True,
Nutresa,1,3,5274.559351287731,5304.252734621611,True,
Nutresa,2,0,5270.666395954237,5290.4619848434895,True,
Nutresa,2,1,5272.66783691031,5297.412323021877,True,Non-invertible starting MA parameters found. Using zeros as starting parameters. | Non-stationary starting autoregressive parameters found. Using zeros as starting parameters.
Nutresa,2,2,5267.084487328521,5296.777870662401,True,
Nutresa,2,3,5276.681507251014,5311.323787807208,True,
Nutresa,3,0,5272.4610098450485,5297.205495956615,True,
Nutresa,3,1,5274.3268941255,5304.02027745938,True,
Nutresa,3,2,5269.818287048563,5304.460567604757,False,Maximum Likelihood optimization failed to converge. Check mle_retvals | Non-invertible starting MA parameters found. Using zeros as starting parameters. | Non-stationary starting autoregressive parameters found. Using zeros as starting parameters.
Nutresa,3,3,5265.374170205796,5304.965347984303,False,Maximum Likelihood optimization failed to converge. Check mle_retvals
Banco Davivienda PF,0,0,4371.3065618525125,4381.198589834711,True,
Banco Davivienda PF,0,1,4371.127546977996,4385.965588951293,True,
Banco Davivienda PF,0,2,4363.619094324904,4383.403150289301,True,
Banco Davivienda PF,0,3,4363.336361654268,4388.066431609765,True,
Banco Davivienda PF,1,0,4370.710850274294,4385.5488922475915,True,
Banco Davivienda PF,1,1,4366.709210996856,4386.4932669612535,True,
Banco Davivienda PF,1,2,4363.9196945365475,4388.649764492044,True,
Banco Davivienda PF,1,3,4365.335105029957,4395.011188976552,True,
Banco Davivienda PF,2,0,4363.09010860464,4382.874164569037,True,
Banco Davivienda PF,2,1,4364.397349528986,4389.127419484482,True,
Banco Davivienda PF,2,2,4364.122875784006,4393.798959730601,True,
Banco Davivienda PF,2,3,4364.2960477260785,4398.918145663773,True,
Banco Davivienda PF,3,0,4364.081653121602,4388.811723077099,True,
Banco Davivienda PF,3,1,4366.028925830111,4395.705009776706,True,
Banco Davivienda PF,3,2,4368.188387795481,4402.8104857331755,True,
Banco Davivienda PF,3,3,4368.1092846693755,4407.677396598169,True,
Promigas,0,0,4405.840776785832,4415.73280476803,True,
Promigas,0,1,4364.427593403023,4379.2656353763205,True,
Promigas,0,2,4365.572712109755,4385.356768074153,True,
Promigas,0,3,4366.933744588844,4391.66381454434,True,
Promigas,1,0,4368.2000265184815,4383.038068491779,True,
Promigas,1,1,4365.33434267153,4385.118398635927,True,
Promigas,1,2,4365.5530267189715,4390.283096674468,True,
Promigas,1,3,4367.548239467613,4397.224323414208,True,
Promigas,2,0,4366.798085393292,4386.58214135769,True,
Promigas,2,1,4366.025867124843,4390.755937080339,True,
Promigas,2,2,4367.547864491463,4397.223948438058,True,
Promigas,2,3,4361.600424552131,4396.222522489826,False,Maximum Likelihood optimization failed to converge. Check mle_retvals
Promigas,3,0,4367.503029054413,4392.233099009909,True,
Promigas,3,1,4367.617766033102,4397.293849979697,True,
Promigas,3,2,4369.536555079461,4404.158653017156,True,
Promigas,3,3,4371.389969450545,4410.958081379339,False,Maximum Likelihood optimization failed to converge. Check mle_retvals | Non-invertible starting MA parameters found. Using zeros as starting parameters. | Non-stationary starting autoregressive parameters found. Using zeros as starting parameters.
Mineros SA,0,0,4531.132929438022,4541.024957420221,True,
Mineros SA,0,1,4525.79278581192,4540.630827785218,True,
Mineros SA,0,2,4527.652440973245,4547.436496937642,True,
Mineros SA,0,3,4529.338757135229,4554.068827090725,True,
Mineros SA,1,0,4525.698108603311,4540.536150576609,True,
Mineros SA,1,1,4527.696890550135,4547.480946514533,True,
Mineros SA,1,2,4529.543633406607,4554.273703362103,True,
Mineros SA,1,3,4531.287449359916,4560.963533306511,True,
Mineros SA,2,0,4527.696291610311,4547.4803475747085,True,
Mineros SA,2,1,4529.693300955465,4554.423370910961,True,Non-invertible starting MA parameters found. Using zeros as starting parameters. | Non-stationary starting autoregressive parameters found. Using zeros as starting parameters.
Mineros SA,2,2,4530.667249533172,4560.343333479767,True,
Mineros SA,2,3,4531.369603923013,4565.9917018607075,False,Maximum Likelihood optimization failed to converge. Check mle_retvals | Non-invertible starting MA parameters found. Using zeros as starting parameters. | Non-stationary starting autoregressive parameters found. Using zeros as starting parameters.
Mineros SA,3,0,4529.285796861797,4554.0158668172935,True,
Mineros SA,3,1,4531.277863903106,4560.953947849701,True,
Mineros SA,3,2,4531.273184361549,4565.895282299244,False,Maximum Likelihood optimization failed to converge. Check mle_retvals
Mineros SA,3,3,4531.14955982129,4570.717671750083,False,Maximum Likelihood optimization failed to converge. Check mle_retvals | Non-invertible starting MA parameters found. Using zeros as starting parameters. | Non-stationary starting autoregressive parameters found. Using zeros as starting parameters.
Grupo Bolivar,0,0,4607.9464098368535,4617.838437819052,True,
Grupo Bolivar,0,1,4607.647796845829,4622.485838819127,True,
Grupo Bolivar,0,2,4609.599371033666,4629.383426998063,True,
Grupo Bolivar,0,3,4607.032356853343,4631.762426808839,True,
Grupo Bolivar,1,0,4607.698863463776,4622.536905437074,True,
Grupo Bolivar,1,1,4609.635632190848,4629.419688155245,True,
Grupo Bolivar,1,2,4610.406534254527,4635.1366042100235,True,
Grupo Bolivar,1,3,4608.391548997172,4638.067632943767,True,
Grupo Bolivar,2,0,4609.451098884256,4629.235154848653,True,
Grupo Bolivar,2,1,4609.977439377799,4634.707509333295,True,Non-invertible starting MA parameters found. Using zeros as starting parameters. | Non-stationary starting autoregressive parameters found. Using zeros as starting parameters.
Grupo Bolivar,2,2,4609.9208857744,4639.596969720995,True,
Grupo Bolivar,2,3,4609.8375079161515,4644.459605853846,True,
Grupo Bolivar,3,0,4606.745530315426,4631.475600270922,True,
Grupo Bolivar,3,1,4608.218333594122,4637.894417540717,True,
Grupo Bolivar,3,2,4609.702817120084,4644.3249150577785,True,
Grupo Bolivar,3,3,4611.589867045088,4651.157978973882,True,
