,Celsia,Banco de Bogota,Ecopetrol,ETB,Nutresa,Banco Davivienda PF,Promigas,Mineros SA,Grupo Bolivar
Celsia,1.0,0.2272877344393326,0.19578248451434194,0.05568430516523292,0.036848470055224646,0.2998798499223247,0.16513477867289328,0.13752298501756663,0.1130682873493954
Banco de Bogota,0.2272877344393326,1.0,0.17950480241845676,0.03867222772709596,0.08408294551280274,0.2734242414606282,0.10473232084620071,0.15717639705588604,0.15728641491567216
Ecopetrol,0.19578248451434194,0.17950480241845676,1.0,0.0774382305816499,0.1583433545829274,0.32683564233751683,0.10972660464115046,0.2126890375106979,0.15682908778415688
ETB,0.05568430516523292,0.03867222772709596,0.0774382305816499,1.0,0.04284590324134122,0.09815079879534361,0.07712053075530717,0.02791633629075958,0.012246789476399952
Nutresa,0.036848470055224646,0.08408294551280274,0.1583433545829274,0.04284590324134122,1.0,0.13672523078461513,0.01781164255642499,0.11717651388444816,0.09131154758283155
Banco Davivienda PF,0.2998798499223247,0.2734242414606282,0.32683564233751683,0.09815079879534361,0.13672523078461513,1.0,0.14206488101136058,0.20804021648293888,0.2148181521983019
Promigas,0.16513477867289328,0.10473232084620071,0.10972660464115046,0.07712053075530717,0.01781164255642499,0.14206488101136058,1.0,0.0923780324319682,0.07610126325709869
Mineros SA,0.13752298501756663,0.15717639705588604,0.2126890375106979,0.02791633629075958,0.11717651388444816,0.20804021648293888,0.0923780324319682,1.0,0.12946975305518682
Grupo Bolivar,0.1130682873493954,0.15728641491567216,0.15682908778415688,0.012246789476399952,0.09131154758283155,0.2148181521983019,0.07610126325709869,0.12946975305518682,1.0
