objetivo,modelo,max_depth,min_samples_leaf,max_features,mse_cv,mse_cv_media,learning_rate
log_rv_objetivo,random_forest,3,50,0.3,1.5690274115082787,1.711010044458543,
log_rv_objetivo,random_forest,6,50,0.3,1.5697370138644757,1.711010044458543,
log_rv_objetivo,random_forest,3,50,1.0,1.579852525965956,1.711010044458543,
log_rv_objetivo,random_forest,6,50,1.0,1.580393748100425,1.711010044458543,
log_rv_objetivo,random_forest,6,200,0.3,1.6905311704393244,1.711010044458543,
log_rv_objetivo,random_forest,3,200,0.3,1.6905311704393244,1.711010044458543,
log_rv_objetivo,random_forest,3,200,1.0,1.697972103279684,1.711010044458543,
log_rv_objetivo,random_forest,6,200,1.0,1.6979721032796842,1.711010044458543,
log_rv_objetivo,gradient_boosting,2,200,,1.598663363654064,1.711010044458543,0.02
log_rv_objetivo,gradient_boosting,4,200,,1.598663363654064,1.711010044458543,0.02
log_rv_objetivo,gradient_boosting,2,50,,1.6223806257920963,1.711010044458543,0.02
log_rv_objetivo,gradient_boosting,2,200,,1.6227393438992466,1.711010044458543,0.1
log_rv_objetivo,gradient_boosting,4,200,,1.6227393438992466,1.711010044458543,0.1
log_rv_objetivo,gradient_boosting,4,50,,1.6798392748505737,1.711010044458543,0.02
log_rv_objetivo,gradient_boosting,2,50,,1.8488200118606735,1.711010044458543,0.1
log_rv_objetivo,gradient_boosting,4,50,,1.9489056579303612,1.711010044458543,0.1
ret_objetivo,random_forest,3,200,0.3,0.0020483346036830608,0.002048451607255904,
ret_objetivo,random_forest,6,200,0.3,0.0020483346036830608,0.002048451607255904,
ret_objetivo,random_forest,6,200,1.0,0.002048496635154849,0.002048451607255904,
ret_objetivo,random_forest,3,200,1.0,0.002048496635154849,0.002048451607255904,
ret_objetivo,random_forest,3,50,0.3,0.0020609458082931965,0.002048451607255904,
ret_objetivo,random_forest,6,50,0.3,0.002063203688617163,0.002048451607255904,
ret_objetivo,random_forest,3,50,1.0,0.002108825209902414,0.002048451607255904,
ret_objetivo,random_forest,6,50,1.0,0.002112540120670381,0.002048451607255904,
ret_objetivo,gradient_boosting,2,200,,0.0021003608711523403,0.002048451607255904,0.02
ret_objetivo,gradient_boosting,4,200,,0.0021003608711523403,0.002048451607255904,0.02
ret_objetivo,gradient_boosting,4,200,,0.0021551483577927693,0.002048451607255904,0.1
ret_objetivo,gradient_boosting,2,200,,0.0021551483577927693,0.002048451607255904,0.1
ret_objetivo,gradient_boosting,2,50,,0.002399995504195403,0.002048451607255904,0.02
ret_objetivo,gradient_boosting,4,50,,0.0024566080620454997,0.002048451607255904,0.02
ret_objetivo,gradient_boosting,2,50,,0.002861265366516542,0.002048451607255904,0.1
ret_objetivo,gradient_boosting,4,50,,0.0029133575506234736,0.002048451607255904,0.1
