fecha_objetivo,empresa,rv_objetivo,n_dias_objetivo,har,ewma,garch,random_forest,gradient_boosting,mlp
2024-01-05,Banco Davivienda PF,9.82295057327148,5.0,25.980675769194807,20.14215864335246,22.804656570432513,23.02759630445951,28.820902315554505,22.36084145386245
2024-01-05,Banco de Bogota,16.907742985505816,5.0,38.58468114511099,24.896757786092714,26.79616527954692,24.280703847579197,35.88732124811959,24.628545043476482
2024-01-05,Celsia,14.539984207217879,5.0,22.996916056480753,24.729040201138428,29.944735367633385,19.99045213202109,24.233984414336838,25.214842428756057
2024-01-05,Ecopetrol,10.928798459065575,5.0,19.227911755838463,8.907440771057862,17.409470302442976,16.89460487004034,18.000564653357777,28.835403224697643
2024-01-12,Banco Davivienda PF,3.8855874688473415,5.0,18.043241389435092,17.491555140127943,18.741932738169105,17.734499430110002,18.875178797904088,14.346199062427903
2024-01-12,Banco de Bogota,8.948577885535915,5.0,39.52298420655427,22.803485847870576,26.653520140287903,20.271769687639885,23.503067243335444,24.216597902379473
2024-01-12,Celsia,6.292250562734954,5.0,24.0393019934261,21.935777811147833,26.32200078746949,19.385061763572413,19.042591755743967,12.139991684170909
2024-01-12,Ecopetrol,9.61657932870401,5.0,17.173819748092672,9.529274047188226,18.64295559635698,15.497887890353468,14.502704972095398,15.014874457492551
2024-01-19,Banco Davivienda PF,4.988337782687579,5.0,14.254066362055768,13.874524507821022,14.57674928386229,14.303236011125806,11.892752996795647,12.597027963607372
2024-01-19,Banco de Bogota,1.2135100509318855,5.0,41.79937331127175,19.0419021388972,25.791092420836176,19.30885478629497,23.620095752979363,19.24679334831871
2024-01-19,Celsia,13.745476763910714,5.0,13.878599989750821,17.97719163962551,22.36417910411535,14.357483272475102,12.097166574867973,12.193534528861719
2024-01-19,Ecopetrol,4.810429863216467,5.0,16.430577036584165,9.502872453684418,19.024359776433432,15.148398788961176,15.432227751804108,16.18824693156914
2024-01-26,Banco Davivienda PF,0.2438667465206804,5.0,15.25349617749795,11.486111189152995,13.575276440906968,13.841665943353528,11.02313200867889,20.170864436993035
2024-01-26,Banco de Bogota,2.700396266452546,5.0,25.659775751854472,14.29838806597775,24.367006404366485,12.76361177820856,10.49220998260245,12.237727453583611
2024-01-26,Celsia,7.5529733478515375,5.0,13.306554790897405,16.89837649018296,24.45763820208158,12.317992988544411,7.635650494595524,12.420338130743243
2024-01-26,Ecopetrol,0.42999477163401717,5.0,14.58477304089702,8.237244311705986,17.945474394987503,15.008565123182327,15.544683156436243,22.045602903411243
2024-02-02,Banco Davivienda PF,120.66334781697776,5.0,6.090932389515893,8.490468748790668,11.737631141799689,13.653884855261389,12.542156424113564,32.853242300296394
2024-02-02,Banco de Bogota,14.753780474391403,5.0,18.689141872046214,11.204604806709552,23.192911690932746,12.755470536359498,10.489264922360125,21.294043053182524
2024-02-02,Celsia,17.652759333424747,5.0,23.30043389515219,14.283800122720443,19.544226975012414,14.331523656424165,12.387231954413988,32.78516892682821
2024-02-02,Ecopetrol,24.985893389603458,5.0,12.683602508109121,6.152490767073402,15.767816045932163,16.146851830109195,17.26269771603252,54.01056834335989
2024-02-09,Banco Davivienda PF,9.963642561101437,5.0,35.38434338155647,39.22999008671837,59.9515034064472,44.49460107294828,41.44684670417019,53.42809837019566
2024-02-09,Banco de Bogota,46.959391898265665,5.0,17.623890227252275,11.864535881976714,23.125076821251614,15.38056363752474,15.93768335940845,16.38461422682446
2024-02-09,Celsia,2.063344242729265,5.0,17.224832565672312,15.37729241398406,27.05321429262059,15.897257723961303,15.149017607909151,16.995992215700895
2024-02-09,Ecopetrol,4.704702246964899,5.0,21.01567873259492,10.61983590732808,20.95697155495428,20.40869812364326,23.18596035508806,28.50848280699178
2024-02-16,Banco Davivienda PF,17.194967897982444,5.0,20.477341828472802,31.533849800481182,28.933969077417615,20.45697113172164,28.400484413052737,15.90248633029838
2024-02-16,Banco de Bogota,1.8035663167425164,5.0,25.611924092703052,22.191583469832263,25.848359343380864,29.995585912419564,27.467667962948664,20.349615781185726
2024-02-16,Celsia,18.091155817533565,5.0,12.376740263409882,11.834974714291695,17.91164511988299,14.4376991379061,14.55626735952057,11.509299575088878
2024-02-16,Ecopetrol,3.3328521934035757,5.0,15.473439965599118,9.064799430118764,18.88108646572475,16.27696291485219,17.26122521240077,15.059306272673023
2024-02-23,Banco Davivienda PF,24.626528407418242,5.0,28.02459538550992,27.37710379320829,20.39105753852668,20.386234656276056,23.685135745114962,21.068752846071586
2024-02-23,Banco de Bogota,87.1583483387428,5.0,30.53201204052466,16.708992330164744,24.461578556139873,15.721025064652277,16.795743670089347,23.470298176098883
2024-02-23,Celsia,45.69334694125675,5.0,15.104448704842444,13.399458826266402,24.670774123754924,13.966266506457588,9.739405409720183,11.081435197906801
2024-02-23,Ecopetrol,7.6070084452751505,5.0,15.254727214034363,7.517212795870188,17.17244615520461,14.635734410825656,15.424921263168798,14.776361668276108
2024-03-01,Banco Davivienda PF,17.484501331389538,5.0,26.422273062636947,26.64903210988745,23.351145227615433,31.80870394179694,32.65999560492571,30.24178967190214
2024-03-01,Banco de Bogota,5.933011138138207,5.0,40.183434537786766,34.29460615128255,30.314194503425465,44.09047669599135,26.468383182442608,37.70171031918031
2024-03-01,Celsia,68.05247636036331,5.0,19.95675003027955,22.08204361561915,46.68403968130485,31.8832336689474,21.66779045743522,22.910242997393297
2024-03-01,Ecopetrol,12.513593311802687,5.0,18.751970240069102,7.467576319252203,17.344704869254105,15.716649338078366,12.871967504786682,20.10569015180688
2024-03-08,Banco Davivienda PF,17.760469123459742,5.0,21.30270433082923,24.34080722888657,21.375738310988844,17.22913011990973,18.10362325762559,19.936940973535297
2024-03-08,Banco de Bogota,2.6403321062167002,5.0,44.37295378159982,26.715179287141787,28.892323408307625,20.88845326703384,24.8849118434687,26.103024375913666
2024-03-08,Celsia,7.6686175216103365,5.0,30.976748622765946,33.08120282552201,57.936362569325844,41.5452705772525,23.161848907319822,24.86665165811142
2024-03-08,Ecopetrol,34.86155304266423,5.0,15.663670173500698,8.951807443105494,19.740957442107582,16.9206881140416,21.297322222495016,24.900393257180287
2024-03-15,Banco Davivienda PF,48.52324337665934,5.0,19.65529302575415,23.015954323747422,23.5331011748238,17.83720204285798,14.246750251461158,20.357358668640817
2024-03-15,Banco de Bogota,86.89409948705774,5.0,35.607635151215405,20.344109027695083,27.307864581924356,17.744421856148914,16.880465125277784,17.56271670981863
2024-03-15,Celsia,85.58479808183286,5.0,20.83712062368487,26.15410382446492,30.88165768147212,18.588220485395105,18.43611559579396,15.24556312866238
2024-03-15,Ecopetrol,21.557709393155715,5.0,25.205386202431978,14.95364646945934,25.888887698364066,26.71006340377222,30.212447050934962,36.168898739193324
2024-03-22,Banco Davivienda PF,59.70675357486307,5.0,26.57292380117963,31.0828874738283,39.720794381628004,34.83700532762941,47.71100553237491,48.37721658143672
2024-03-22,Banco de Bogota,6.918120997397998,5.0,43.599430285168495,40.500462865207524,33.0790073265565,49.565216063128695,45.368051756892534,66.94804791614204
2024-03-22,Celsia,48.38839486214753,5.0,26.579065643143167,44.80945930720605,99.74259979977916,44.05506185886036,42.032455438043165,47.33610950906737
2024-03-22,Ecopetrol,27.242772944773577,5.0,24.864436720219768,17.343884091247673,27.63098848390559,23.582048305544912,29.30152109452679,34.85134732896681
2024-03-29,Banco Davivienda PF,7.921134928441907,5.0,31.804617594945626,37.134236092513845,33.55493619045761,39.949210789675384,30.150278007105133,31.34781416906885
2024-03-29,Banco de Bogota,0.27533521120683124,5.0,35.676696461979965,31.571922671471388,31.501550380957227,20.28311102195404,20.97607108586929,23.128354542790735
2024-03-29,Celsia,5.704926754322166,5.0,31.468389451167468,44.53831981308956,63.49607838877886,35.806931448055046,26.311336426801354,27.414066658524085
2024-03-29,Ecopetrol,18.774328301361315,5.0,32.40610414328793,19.139456405535245,27.823658238698215,27.786118829414164,33.93871267654247,24.721704721083388
2024-04-05,Banco Davivienda PF,60.26771581205599,5.0,22.85052842291823,29.289707650473602,19.81726287087986,19.330060583292344,24.797173954833912,30.515551215876908
2024-04-05,Banco de Bogota,16.891277647365893,5.0,40.06571006494521,23.24155732554771,29.50525770126437,17.98581273788658,18.704619360852494,33.47905379075006
2024-04-05,Celsia,10.953050537151363,5.0,32.39505301282368,34.167277374529995,32.30773744561602,18.806980114363043,21.52160762897233,31.712821113640654
2024-04-05,Ecopetrol,42.574750074456134,5.0,39.88934842319186,18.97048185234562,26.42434221835044,21.52818174234244,30.080728169430934,55.45122309734969
2024-04-12,Banco Davivienda PF,13.98034744684845,5.0,32.724348421660416,37.08475961158125,34.34324495150943,45.50652167251347,38.029345361551634,35.907931583440714
2024-04-12,Banco de Bogota,27.934667027421828,5.0,35.98933009019284,21.601627741975605,29.1131695865812,21.810096161536865,25.67084453973133,18.09994003052742
2024-04-12,Celsia,4.798057541196761,5.0,20.9140075842761,28.110500814869045,26.59566713204069,22.025643095803023,25.703145744836768,15.622836814199111
2024-04-12,Ecopetrol,4.579458085897141,5.0,34.461020323182964,24.300437772993075,30.941777885179032,37.52630736433225,49.36425344837845,34.06318084983801
2024-04-19,Banco Davivienda PF,21.343133128761135,5.0,22.619161123124336,30.91473702744265,22.689673403555908,18.93152220970204,17.661391844672487,20.53362745965577
2024-04-19,Banco de Bogota,20.704271877055064,5.0,23.174513073746684,23.39612114850844,29.684679477243968,18.162917302690843,16.899696075879078,20.36605035985078
2024-04-19,Celsia,30.079815045622517,5.0,16.115869588545884,21.890620695495947,19.412392225792175,14.530937346282734,12.320494956150382,12.26355210569001
2024-04-19,Ecopetrol,0.7020321061807704,5.0,23.527035038702817,19.065216450675763,24.46477729811971,19.791938784568075,23.587549816603783,25.39177466621431
2024-04-26,Banco Davivienda PF,14.913231680685024,5.0,23.38505701149246,28.116446891402912,20.252875834745744,29.536522877090377,39.19038776992595,20.420314432545617
2024-04-26,Banco de Bogota,10.720070359156164,5.0,26.515171050988066,22.95091712478561,29.584532277813146,23.081609545822968,24.673897434362736,14.441537624597581
2024-04-26,Celsia,21.654016304640592,5.0,15.88997000834856,24.562728992489596,38.08402243763645,27.17819671933999,30.885999498273076,12.96437396084742
2024-04-26,Ecopetrol,2.516531164792527,5.0,15.69043998583865,14.194750984742765,19.551848835061367,18.69684961887487,22.160277937858517,18.928821064379044
2024-05-03,Banco Davivienda PF,18.173787975905036,3.0,21.43544587845152,14.861316810414074,12.105942741717598,19.597313327382324,23.062387694419787,15.38125388722548
2024-05-03,Banco de Bogota,1.5289557340302882,3.0,29.469690112877764,11.85101399535736,17.099561617986232,16.34276411453553,14.719239153704391,14.667658142994108
2024-05-03,Celsia,1.9991142832231192,3.0,18.707906386666252,14.167640635243963,18.864992163011042,21.340627792444074,15.988151701769336,10.848730447191766
2024-05-03,Ecopetrol,3.112650824285401,3.0,18.120926130999173,6.633463095189187,9.85555543277827,16.40640861242038,17.657823914222735,17.474864480247177
2024-05-10,Banco Davivienda PF,5.932994190649515,5.0,19.371524692048283,25.765394187136398,23.96838865095529,16.6201675686907,15.78041482936087,13.961562381737
2024-05-10,Banco de Bogota,1.6096683086661168,5.0,28.263466944011803,16.83022429537281,27.677730334297244,14.38605382568992,11.885997972298618,11.81301997559275
2024-05-10,Celsia,0.7582337850011723,5.0,12.209042873141522,20.17338983225519,24.139684087715448,14.379859394595735,12.331981543180568,10.438576523912937
2024-05-10,Ecopetrol,1.4613454879362138,5.0,8.912646448970365,10.07921131853064,17.106141427342735,14.52260672318714,15.356713756912255,15.667508459411884
2024-05-17,Banco Davivienda PF,6.143931104484324,4.0,15.38441939148897,16.33817080865861,12.92794064982833,14.14354182006023,9.539887258640839,15.301663854203861
2024-05-17,Banco de Bogota,0.00999313690795009,4.0,20.643399474837622,10.249880602800324,20.841626228702623,12.103710558717887,8.519269944188233,14.908948747681022
2024-05-17,Celsia,6.3430369697100755,4.0,16.7332117617083,11.993316090824699,12.159555892339487,14.227933515522023,12.104995716860149,18.720472702720315
2024-05-17,Ecopetrol,9.244826908352424,4.0,7.130061528130932,6.228628332619963,12.217358044359793,13.489363525046128,12.046830234011138,18.534327002807526
2024-05-24,Banco Davivienda PF,25.443813004265017,5.0,13.555031509123964,17.71554540793946,16.282359345116774,13.212268085351633,12.381426663013142,14.39872493460625
2024-05-24,Banco de Bogota,1.1370974771811502,5.0,15.598228694783224,10.005963048620458,24.85371214550652,13.39468872107174,13.942582706752102,34.06650911919178
2024-05-24,Celsia,0.7196847071025307,5.0,13.233308208452769,13.362111802427082,17.099272333800126,12.359805754335229,9.712518055911907,10.345756843644956
2024-05-24,Ecopetrol,12.302004121173756,5.0,12.618162822769756,8.471228271942396,17.139767921255064,13.816418352765146,14.184353286789078,17.356454509284557
2024-05-31,Banco Davivienda PF,14.174945701005038,5.0,20.095669250022624,19.693309281296997,20.985494473034333,19.221365970310895,19.853933777086386,15.232403836716399
2024-05-31,Banco de Bogota,7.021329830936329,5.0,6.784534651666591,7.6244214262366246,23.484080306393487,11.519359735468809,10.98099761885394,10.549179563105243
2024-05-31,Celsia,3.4633273956641744,5.0,6.573732032766572,9.98659079491521,13.585463043513524,11.06365057202471,7.668205624340472,9.676478144279136
2024-05-31,Ecopetrol,13.081927715225158,5.0,15.4847069240389,9.537102228889854,19.10860035663821,14.06922001846514,11.300308810041162,16.04704497104393
2024-06-07,Banco Davivienda PF,0.7448447257216282,4.0,17.46970797805171,14.320804923834553,13.560907855500316,14.939457885117392,14.882607682061046,15.826209231732408
2024-06-07,Banco de Bogota,4.570826019970256,4.0,9.800817719579282,6.010519809025294,18.130110380358825,12.180658019053308,11.422303587736545,10.954230580726176
2024-06-07,Celsia,5.456273485900031,4.0,7.474267177695797,6.693117511396713,11.614954865287562,12.233889529992236,12.115439284287996,12.069243877655051
2024-06-07,Ecopetrol,1.3466026059311937,4.0,19.367115009838223,8.243943264162985,15.608713832924614,14.703443559185144,14.667950572332119,20.418307701508695
2024-06-14,Banco Davivienda PF,18.71097228190331,4.0,8.85454235007029,11.346517769618586,10.502364703599543,13.022454193032766,9.105685521750818,14.229039173781167
2024-06-14,Banco de Bogota,5.568906505918572,4.0,11.628502024186345,5.694396472818247,17.61517786350719,11.907791309460908,10.594706094455965,10.348673293566833
2024-06-14,Celsia,6.5667025811114215,4.0,10.031570497620649,6.45190141652684,13.034849891899004,12.624948716856718,11.89494865613044,10.918121945536814
2024-06-14,Ecopetrol,1.8510833545156604,4.0,14.347113085406212,6.726472460240032,13.827683209489736,14.80700848589532,18.938241095703383,20.025716476762227
2024-06-21,Banco Davivienda PF,3.234338457565538,5.0,19.102853921132734,15.991675760165887,18.037700204280434,19.769306293060794,15.652595179874147,18.12266430761629
2024-06-21,Banco de Bogota,19.307654391804633,5.0,13.882880449167452,7.154768214860256,21.560021244287892,12.226788772687321,13.195592413153651,9.906642884472753
2024-06-21,Celsia,10.022110934091524,5.0,9.505213180257575,8.129977337677868,18.681255657827897,11.791620475539435,12.123194278547773,8.467817245560108
2024-06-21,Ecopetrol,10.50982228409286,5.0,13.679463080885586,7.068605406159623,16.336173969909048,14.947837826330103,20.414542837022974,14.43952318922823
2024-06-28,Banco Davivienda PF,7.23446007492588,5.0,12.219714608932861,12.60631816582545,14.100970748505535,14.124728408672569,16.828039266340557,13.692318488981728
2024-06-28,Banco de Bogota,4.324330856309604,5.0,19.23405457277774,10.777534883869215,22.01386635713783,15.197382378860901,17.851523587289744,12.672104279441742
2024-06-28,Celsia,5.857046128342047,5.0,11.982676446173347,8.530564380561943,19.56612405109808,12.79116268967667,9.838032662609818,9.63639239569819
2024-06-28,Ecopetrol,38.780806384955056,5.0,15.294125201906722,8.100115975837852,18.157700253899513,15.158004364816934,17.02685375984277,16.723284934697844
2024-07-05,Banco Davivienda PF,8.34408353057545,4.0,12.997455657818007,8.875901909863588,11.003513756556297,13.415535496825449,8.695854311468409,12.417748500796387
2024-07-05,Banco de Bogota,1.8692123938379122,4.0,20.52207364765375,7.146358371835162,16.88258912016661,14.721918970638084,12.006608362814088,21.223841992421512
2024-07-05,Celsia,5.344425010677635,4.0,11.609681911591412,6.266911017061575,13.73134257646315,13.234626651922143,9.078668337425176,9.800701349206282
2024-07-05,Ecopetrol,1.8429153829269422,4.0,27.81898600064524,12.259115856291213,20.29828946157791,23.292590687278985,26.55581365309648,23.650371942901668
2024-07-12,Banco Davivienda PF,5.61858800917718,5.0,14.225315693489797,10.826600375779098,14.88831556884903,12.874832566394712,9.080963907541726,12.603793659300077
2024-07-12,Banco de Bogota,5.155371831901953,5.0,19.39782569664868,7.490227679952474,20.386551133655388,13.036461177320648,10.303264149172186,16.75784206155603
2024-07-12,Celsia,8.223064038590445,5.0,12.363528719096571,7.500456782067866,17.17126319836757,12.23948239318591,8.632691091106663,9.267078198836982
2024-07-12,Ecopetrol,11.883904041020994,5.0,16.501179252244704,12.452222060159903,21.431850497309146,15.765497433078531,16.168270646757975,21.085025195104073
2024-07-19,Banco Davivienda PF,10.57760670158094,5.0,13.355651428558318,9.308434346902922,13.363849117567675,13.816970852601884,14.954069319569061,19.89605529532426
2024-07-19,Banco de Bogota,2.8244118854005524,5.0,18.671233660016075,6.825012350653786,19.711125548862956,12.905645348604471,11.078276198427682,9.910340463615379
2024-07-19,Celsia,11.992323085468259,5.0,12.2904367785185,7.78940498250407,19.4927630475647,12.038819344394616,9.121887033527269,10.014244592184347
2024-07-19,Ecopetrol,5.262057801836058,5.0,21.759376324717845,12.412192881136892,21.762576279268618,20.093386905837484,19.68334270109075,22.2841851666097
2024-07-26,Banco Davivienda PF,0.9382880073403791,5.0,14.69984237910283,9.662046941747327,15.216754184113322,15.743599445981515,12.196144797245314,16.43033194635503
2024-07-26,Banco de Bogota,1.9623795024800441,5.0,12.476357542624788,5.753213781396626,18.93526135358944,11.61302715633496,8.572089487017958,10.965023226968656
2024-07-26,Celsia,11.4541585082639,5.0,13.608473789950366,8.935379800931564,22.01983384914773,12.476569949155575,9.146605720525063,11.100221864449006
2024-07-26,Ecopetrol,5.4947796991590385,5.0,25.91508038731692,10.395414635164755,19.20005885692536,17.404954724967364,17.700367774836533,22.028625993610625
2024-08-02,Banco Davivienda PF,7.00233102615522,5.0,7.790027579464182,7.359562838099637,12.502371888652405,12.899800530637462,11.698777688075255,11.72248459660242
2024-08-02,Banco de Bogota,3.1012886279469467,5.0,11.500656640264957,4.733707753588185,18.138512536895686,12.08688221464841,11.907142224806428,9.707978579699272
2024-08-02,Celsia,2.5201889652900675,5.0,13.250398048985675,9.588904394945136,22.198005176112563,13.693720955181728,12.73947651331237,11.207932243152902
2024-08-02,Ecopetrol,19.66607076989846,5.0,14.99019449274239,9.00374247690405,17.930952130497587,14.915148396288895,19.227041986377145,17.817729121269277
2024-08-09,Banco Davivienda PF,5.263267686392724,5.0,13.998537334341748,7.100927615026272,13.074645473985893,13.12770554066511,13.869442064248597,15.056952937307733
2024-08-09,Banco de Bogota,3.449128453168985,5.0,12.361702396348715,4.2462287714714515,17.492129144698378,12.796095925174376,14.251562022152505,14.23183653800999
2024-08-09,Celsia,24.978072285278028,5.0,11.477557734047705,7.707511061876166,16.562010633787477,11.88817313526844,10.993071774346697,9.436840096214656
2024-08-09,Ecopetrol,8.97465299702806,5.0,19.56632474634546,12.204600283722435,22.75014734706137,16.490842897924004,22.327989822864684,18.472896785091685
2024-08-16,Banco Davivienda PF,14.227002401236025,5.0,11.829049431555445,6.524042154756893,12.828948124154062,14.09931566981844,16.640067449150962,12.827945352079531
2024-08-16,Banco de Bogota,4.017529858131357,5.0,11.121909442545242,3.9989552170085196,16.94283671348208,12.813671981051849,12.893892725241749,9.434299380902093
2024-08-16,Celsia,2.066299561001023,5.0,16.439771581085793,12.177862311464654,28.46447632449223,20.152942004992184,17.67460911193623,10.187249476322606
2024-08-16,Ecopetrol,21.46593527038139,5.0,17.079769126958848,11.487604755686824,21.183190386130484,15.217276803713684,14.947479598330837,15.798316227518443
2024-08-23,Banco Davivienda PF,3.5531760981318454,4.0,14.724340381402603,6.778581167233388,12.863863755439514,13.273786358258013,10.20873248448331,13.638005596081705
2024-08-23,Banco de Bogota,27.26193330461109,4.0,11.760347347125602,3.251355288793513,13.157027497175193,12.771825586099624,13.229246907149774,10.123510047513317
2024-08-23,Celsia,11.81964802065996,4.0,18.351521202153414,7.580750290308303,14.022529895045762,14.175060638111587,13.902705257880834,15.933516963139368
2024-08-23,Ecopetrol,6.968715286634202,4.0,31.50004187574622,11.283109995508529,19.031781172493965,23.272979614708035,33.07375694041753,21.508917148807765
2024-08-30,Banco Davivienda PF,9.013704102222384,5.0,11.029922842806709,7.5861133759064625,14.280132948761178,13.529783492581721,13.393980603985868,11.66909618841285
2024-08-30,Banco de Bogota,16.67539751051593,5.0,19.54966061441153,10.509433122605712,18.26494337612452,17.565075260775934,15.79853317186008,15.276038118406916
2024-08-30,Celsia,8.717313787262896,5.0,12.942176874182616,10.911151650062134,25.178987329704064,16.831361327745245,15.951985511520729,13.06458420750454
2024-08-30,Ecopetrol,1.999399566804597,5.0,20.283800631456895,12.799574398336588,21.88706790420693,17.65864663843136,19.969903502789933,18.923159923103533
2024-09-06,Banco Davivienda PF,4.493738569572874,5.0,13.5921633009356,7.903177991243372,14.678774623347852,15.94194056484963,16.041972354070786,13.733412551690002
2024-09-06,Banco de Bogota,4.6657246576052955,5.0,23.378832187470746,12.132635336112383,18.80760596353456,14.152349916003475,14.637786339824308,13.793084317991394
2024-09-06,Celsia,5.1572926954382545,5.0,15.121699260171079,10.166969907283612,20.429861939409243,12.761018030834725,9.87946700499636,8.378683492792073
2024-09-06,Ecopetrol,23.598742651253183,5.0,15.025501214598876,9.898679913323246,18.433711515996684,14.935980372641769,18.472942407546086,16.303350864079363
2024-09-13,Banco Davivienda PF,15.939881378810977,5.0,13.566333980678536,6.879380374759954,13.132068507621115,14.429021143140208,14.220422849149369,15.97406721775905
2024-09-13,Banco de Bogota,12.306049525294727,5.0,25.43410418732086,10.083324465630554,18.228940010280663,15.325524501517936,17.27035887376197,10.068873138237938
2024-09-13,Celsia,6.210037418190612,5.0,19.185294714845654,8.803299240362044,17.40222699525337,14.240250980438335,14.819524329919794,13.64206966842909
2024-09-13,Ecopetrol,7.000839125057238,5.0,25.836462183522116,13.384079538073546,23.105657904391222,25.056205406628933,31.576297897560544,16.903342999818975
2024-09-20,Banco Davivienda PF,6.096911657707124,5.0,16.00737299673278,9.342484461377271,18.007998603853668,13.331778224492389,8.880183511796783,12.965655531069633
2024-09-20,Banco de Bogota,3.075427284801189,5.0,26.802904547201948,10.521047984469995,18.351932412464773,15.685020533996537,14.448778707266447,11.802094132732268
2024-09-20,Celsia,13.350770191711323,5.0,12.35583574517637,8.005284538160375,16.544967552345803,13.418107497409576,12.175910731273142,9.497753937874895
2024-09-20,Ecopetrol,14.080235345278783,5.0,17.339573317549124,11.686628410463593,20.738659088253605,15.313299319222681,14.970401193654192,17.23985141451276
2024-09-27,Banco Davivienda PF,6.539803577264641,5.0,12.969688896458564,8.422190072598152,14.84013447396391,12.832634686019581,11.942427509821721,10.82504166587179
2024-09-27,Banco de Bogota,6.041945520052823,5.0,20.846144510748637,8.52704285455685,17.6929030371098,12.784373029812986,13.213026237255782,9.644132086795324
2024-09-27,Celsia,2.2273790057496736,5.0,12.290165340153356,9.811776584830344,25.33296913170178,12.921489639978635,9.838633578445641,10.096966464197312
2024-09-27,Ecopetrol,42.486626086483255,5.0,20.99447274669651,12.123994103599303,21.2067265897351,15.700666177092964,18.947801508506192,14.105579485836543
2024-10-04,Banco Davivienda PF,6.35501389808948,5.0,12.856646867188157,7.898119153165647,14.31963025043062,13.892409068635867,10.931877909185197,12.27038150895976
2024-10-04,Banco de Bogota,5.9492358501948495,5.0,16.77445100316509,7.997920477170597,17.361655474513565,13.305639972297328,11.826973084566227,11.179954764966412
2024-10-04,Celsia,1.5817052924800779,5.0,9.38539146930565,7.83061119571827,17.786382669606127,13.71126297353682,11.554313574969504,9.326361903651481
2024-10-04,Ecopetrol,4.9724466487163435,5.0,32.19818490985637,20.262754468174204,30.580234271448703,30.73414252743634,28.5816670152298,22.987233261053845
2024-10-11,Banco Davivienda PF,22.844118233972356,5.0,13.131470001320842,7.4150892884191,13.895430653336717,12.67280571174692,7.91274394475606,11.242353224594632
2024-10-11,Banco de Bogota,10.707220998929321,5.0,17.481974707275832,7.4926962101787975,17.040266517992325,12.490030366883564,9.814265399037192,9.58840525890729
2024-10-11,Celsia,2.8853590508613145,5.0,10.180489709601353,6.143117930674967,14.26034468858207,11.994945330171946,8.529570655541127,9.123311500508715
2024-10-11,Ecopetrol,22.575387148863523,5.0,21.093914051661553,16.241246283910908,24.31782765677227,16.85989370527941,16.503177978609607,18.132413744364108
2024-10-18,Banco Davivienda PF,17.56267145856674,4.0,17.805348362703953,9.386777501942303,17.237228603266885,20.90464554218964,20.02644117462337,15.341239553883568
2024-10-18,Banco de Bogota,6.049223858118506,4.0,16.369026447802472,6.623182370403801,13.65164014121768,14.12634306740288,13.759637292216716,10.805812801874108
2024-10-18,Celsia,2.7633783569075723,4.0,9.99626778199308,4.213903429075633,10.61542316600543,12.871591489039513,9.787020045038146,9.44829192204508
2024-10-18,Ecopetrol,16.752724671391718,4.0,37.75679391781686,14.033000586262084,20.12442211382159,25.588260595646165,39.854570593777375,23.650264244204674
2024-10-25,Banco Davivienda PF,14.378534424608553,5.0,17.65800748534955,14.413340993309456,25.32217308902955,14.616078851057686,12.453406865935374,15.121594213163156
2024-10-25,Banco de Bogota,2.245910202774276,5.0,17.918269394514244,8.050762392849933,16.991746353936247,12.492348086644709,8.76634495756665,9.415547306219787
2024-10-25,Celsia,8.557847986503814,5.0,7.238457488548239,4.8774456676111235,14.494844921850348,11.758990104684345,9.353376288712989,8.87691123238942
2024-10-25,Ecopetrol,5.542213697295395,5.0,27.323556743330915,17.999243026654955,25.696043612221516,22.48626652292187,28.946591519137044,21.516411671121336
2024-11-01,Banco Davivienda PF,14.5144078689132,5.0,18.03645534761431,14.324858569525588,19.517598141626422,18.85315873370144,16.903197856381578,20.717290662242704
2024-11-01,Banco de Bogota,5.440906920163789,5.0,17.09672370301185,6.523146157312118,16.38464860699784,11.999020942311708,8.990514396169864,11.578946058553974
2024-11-01,Celsia,5.127528604062677,5.0,10.940344758787349,5.727506780578967,16.777318771072572,12.433049980760318,10.571904912106909,9.86620558795589
2024-11-01,Ecopetrol,7.615967235567542,5.0,19.9599130534629,14.557632726656383,21.470624198879342,15.268831258804136,15.338643054655217,20.07642180394139
2024-11-08,Banco Davivienda PF,8.001578137752722,3.0,19.93653908051886,8.614025955056587,10.924300930484451,15.009732625646883,15.196260190673392,14.056011947102709
2024-11-08,Banco de Bogota,4.321153405859219,3.0,16.446014695856626,3.7925159712649528,9.60145304471562,11.899747867737288,10.986353840743805,10.220426302858073
2024-11-08,Celsia,4.077494218033062,3.0,10.389479430671555,3.2987440312499077,8.573335659864725,11.839189210674782,10.771695895995093,9.759350103362278
2024-11-08,Ecopetrol,29.900855098613448,3.0,19.614619082981687,7.6074556701747404,11.68941801586925,16.241221760322652,18.74461546641236,19.588844826038372
2024-11-15,Banco Davivienda PF,2.774910157356893,3.0,15.147229594127648,8.535826673109591,10.72814891303969,15.014591948884144,19.73820973273673,15.529382753152762
2024-11-15,Banco de Bogota,0.2587617370645497,3.0,13.955258360445862,3.8770762318143372,9.543398878244728,12.569678504989769,14.304388001407256,11.450549958623347
2024-11-15,Celsia,2.401550062681255,3.0,10.359858915764875,3.3994655258120536,8.86337736402586,12.171684967315606,11.110127270302987,10.847313375087154
2024-11-15,Ecopetrol,16.446765379995288,3.0,23.499356541100383,11.520767869456037,17.169166074514454,22.64734151854343,31.958467653163453,29.727608389583487
2024-11-22,Banco Davivienda PF,6.255189750321596,5.0,11.192503484208158,12.61552264582969,15.717470897825425,13.03479240445091,11.977847199067448,12.573644466152796
2024-11-22,Banco de Bogota,3.7901955523605935,5.0,12.630877085572997,5.440126438953011,15.62135513414184,12.008362018029667,10.103427763121179,11.879130460332652
2024-11-22,Celsia,1.8910316572526327,5.0,8.84547033992924,5.397600166345806,15.86417853900752,12.733178817141532,13.477571889713786,9.808707710010815
2024-11-22,Ecopetrol,16.35798587968753,5.0,23.24726294249112,20.604005282731812,29.464889213636663,17.210847322504193,16.84147515877544,21.292616493337544
2024-11-29,Banco Davivienda PF,12.797120946952935,5.0,12.60256208173816,10.993071035169537,15.271649015992878,12.704653682590989,10.346671411488922,11.201216931445774
2024-11-29,Banco de Bogota,25.329052783810535,5.0,12.075403355982925,5.085506338154704,15.28211480673345,11.718964439732709,10.290747155594463,10.019175207333245
2024-11-29,Celsia,22.333351618064878,5.0,12.897768267640137,4.4508089172053005,13.912512631201823,13.010485252989625,11.10599054872703,15.795241088059463
2024-11-29,Ecopetrol,12.033159203531524,5.0,24.366863409299363,19.5016608312186,26.877861481183217,17.039662039425327,18.175442592437644,20.638428730938106
2024-12-06,Banco Davivienda PF,7.056286219916402,5.0,15.09823265003683,11.201892863046975,15.358089538234601,14.149842519437538,9.547306239298376,13.42829952723584
2024-12-06,Banco de Bogota,3.06765736763742,5.0,18.648986682563965,9.821039639541443,16.704252485835706,18.265652527830188,15.092891552346016,13.291278850270412
2024-12-06,Celsia,3.065253919880906,5.0,25.674416843917584,8.587889542204778,21.801135593274797,19.06373026718472,19.433017163435057,17.458520107280325
2024-12-06,Ecopetrol,9.985251536356778,5.0,24.45301544704889,17.379559680272074,24.07561437067072,18.122811786741668,16.290918787221173,21.693879392267103
2024-12-13,Banco Davivienda PF,2.237200733079676,5.0,13.632379290728563,10.030803661378517,14.137196933706605,16.155908524586156,14.936868768383974,15.07814476383541
2024-12-13,Banco de Bogota,1.3216529632048428,5.0,19.43353711462517,8.062185352213294,16.191085853923624,12.387760099755152,9.566095447648992,12.105886344778368
2024-12-13,Celsia,1.3730035876694855,5.0,17.84884804130821,7.053689272881019,16.254804864781427,14.277618875332513,13.763967295513941,15.795122463318403
2024-12-13,Ecopetrol,21.58371924568136,5.0,19.97952090859494,15.534913175310752,22.65241118885949,17.253858321622022,19.69593078775475,22.549403662073082
2024-12-20,Banco Davivienda PF,4.546044493732313,5.0,11.26475471623832,7.904336275658096,12.306526156872343,14.316842272553735,14.954069319569061,18.221717420541424
2024-12-20,Banco de Bogota,13.742818435685322,5.0,20.69137288874211,6.2460033955288985,15.561319393307592,12.904862935661729,14.021861283978781,10.756398698763606
2024-12-20,Celsia,0.5471304444822113,5.0,11.28067479120856,5.524312760791786,13.651117846209047,12.669011418532973,10.579809062854459,11.249922500924644
2024-12-20,Ecopetrol,22.101777536010168,5.0,23.522004597242262,16.819888050236226,24.141602191787868,20.37863894650508,23.80129902329913,20.564521340725392
2024-12-27,Banco Davivienda PF,8.401015357169992,5.0,11.540394928497417,7.02419186446889,12.999184070740599,12.844628663945944,9.861592424930675,11.197574321043994
2024-12-27,Banco de Bogota,2.758053988364969,5.0,21.502114422999185,8.43221419820859,16.059780744728695,13.454434005095765,10.983468839567486,14.54010188029413
2024-12-27,Celsia,5.746290249311433,5.0,9.444759144796055,4.208299930201076,12.45725173604732,13.091788424754732,11.316303510139017,12.96292500558061
2024-12-27,Ecopetrol,6.640298957727834,5.0,24.646595422089373,18.062024716403748,25.947527489463713,25.078509952927387,33.63690617302308,29.014583930203194
